{
    "Classification": {
        "amazon_counterfactual_classification": {
            "macro_f1": 0.7364790582283407
        },
        "amazon_review_classification": {
            "macro_f1": 0.5413541626836352
        },
        "japanese_sentiment_classification": {
            "macro_f1": 0.8986588956343088
        },
        "massive_intent_classification": {
            "macro_f1": 0.7767897385750657
        },
        "massive_scenario_classification": {
            "macro_f1": 0.8610390686035142
        },
        "sib200_japanese_classification": {
            "macro_f1": 0.8413013579577491
        },
        "wrime_classification": {
            "macro_f1": 0.41309966752995253
        }
    },
    "Reranking": {
        "esci": {
            "ndcg@10": 0.9117818311636607
        },
        "jacwir_reranking": {
            "ndcg@10": 0.5154239181007129
        },
        "jqara": {
            "ndcg@10": 0.3218696921394324
        },
        "miracl_reranking": {
            "ndcg@10": 0.6995597032253587
        },
        "mldr_reranking": {
            "ndcg@10": 0.8612256071032377
        }
    },
    "Retrieval": {
        "jacwir_retrieval": {
            "ndcg@10": 0.35106925427500363
        },
        "jagovfaqs_22k": {
            "ndcg@10": 0.4673719618749888
        },
        "jaqket": {
            "ndcg@10": 0.3951670829019162
        },
        "mintaka_retrieval": {
            "ndcg@10": 0.299231152726057
        },
        "miracl_retrieval": {
            "ndcg@10": 0.10934136213023636
        },
        "mldr_retrieval": {
            "ndcg@10": 0.15981611825721914
        },
        "mrtydi": {
            "ndcg@10": 0.055133639963568334
        },
        "nlp_journal_abs_article": {
            "ndcg@10": 0.582165240647806
        },
        "nlp_journal_abs_intro": {
            "ndcg@10": 0.5841104498413489
        },
        "nlp_journal_title_abs": {
            "ndcg@10": 0.55577879846708
        },
        "nlp_journal_title_intro": {
            "ndcg@10": 0.3284050897756761
        }
    },
    "STS": {
        "jsick": {
            "spearman": 0.7852600594448598
        },
        "jsts": {
            "spearman": 0.7894496424482047
        }
    },
    "Clustering": {
        "livedoor_news": {
            "v_measure_score": 0.4936084943071576
        },
        "mewsc16": {
            "v_measure_score": 0.3743327976467685
        },
        "sib200_japanese_clustering": {
            "v_measure_score": 0.3592578922316612
        }
    }
}