{
    "Classification": {
        "amazon_counterfactual_classification": {
            "macro_f1": 0.7779156199278396
        },
        "amazon_review_classification": {
            "macro_f1": 0.5111451768867725
        },
        "japanese_sentiment_classification": {
            "macro_f1": 0.8782111274457993
        },
        "massive_intent_classification": {
            "macro_f1": 0.7796973463634825
        },
        "massive_scenario_classification": {
            "macro_f1": 0.8634142669499835
        },
        "sib200_japanese_classification": {
            "macro_f1": 0.8506408877596591
        },
        "wrime_classification": {
            "macro_f1": 0.3656175961601361
        }
    },
    "Reranking": {
        "esci": {
            "ndcg@10": 0.9092446252246911
        },
        "jacwir_reranking": {
            "ndcg@10": 0.605113846464576
        },
        "jqara": {
            "ndcg@10": 0.36840730960684165
        },
        "miracl_reranking": {
            "ndcg@10": 0.693114284522583
        },
        "mldr_reranking": {
            "ndcg@10": 0.8530771666734125
        }
    },
    "Retrieval": {
        "jacwir_retrieval": {
            "ndcg@10": 0.42431895793525753
        },
        "jagovfaqs_22k": {
            "ndcg@10": 0.43601956332213093
        },
        "jaqket": {
            "ndcg@10": 0.37354035206874886
        },
        "mintaka_retrieval": {
            "ndcg@10": 0.2518443007449429
        },
        "miracl_retrieval": {
            "ndcg@10": 0.14756204576714857
        },
        "mldr_retrieval": {
            "ndcg@10": 0.16862391555076126
        },
        "mrtydi": {
            "ndcg@10": 0.07770347901718931
        },
        "nlp_journal_abs_article": {
            "ndcg@10": 0.5689006657309228
        },
        "nlp_journal_abs_intro": {
            "ndcg@10": 0.5911474254499767
        },
        "nlp_journal_title_abs": {
            "ndcg@10": 0.618101892252404
        },
        "nlp_journal_title_intro": {
            "ndcg@10": 0.3287673013916751
        }
    },
    "STS": {
        "jsick": {
            "spearman": 0.7893346270810556
        },
        "jsts": {
            "spearman": 0.7657111966582518
        }
    },
    "Clustering": {
        "livedoor_news": {
            "v_measure_score": 0.48558605187442483
        },
        "mewsc16": {
            "v_measure_score": 0.4319848997472401
        },
        "sib200_japanese_clustering": {
            "v_measure_score": 0.3860004176729398
        }
    }
}