{
    "Classification": {
        "amazon_counterfactual_classification": {
            "macro_f1": 0.5866005078388893
        },
        "amazon_review_classification": {
            "macro_f1": 0.5120598395740691
        },
        "japanese_sentiment_classification": {
            "macro_f1": 0.8773239262941632
        },
        "massive_intent_classification": {
            "macro_f1": 0.7134377059258787
        },
        "massive_scenario_classification": {
            "macro_f1": 0.8676947906742417
        },
        "sib200_japanese_classification": {
            "macro_f1": 0.8177503141758454
        },
        "wrime_classification": {
            "macro_f1": 0.36913347435432137
        }
    },
    "Reranking": {
        "esci": {
            "ndcg@10": 0.9298402731760124
        },
        "jacwir_reranking": {
            "ndcg@10": 0.8998812594907971
        },
        "jqara": {
            "ndcg@10": 0.49280220404951935
        },
        "miracl_reranking": {
            "ndcg@10": 0.8178461260193638
        },
        "mldr_reranking": {
            "ndcg@10": 0.864145360860429
        }
    },
    "Retrieval": {
        "jacwir_retrieval": {
            "ndcg@10": 0.8559250360098243
        },
        "jagovfaqs_22k": {
            "ndcg@10": 0.6568597358127577
        },
        "jaqket": {
            "ndcg@10": 0.5157123960708363
        },
        "mintaka_retrieval": {
            "ndcg@10": 0.3153737960263929
        },
        "miracl_retrieval": {
            "ndcg@10": 0.6323300168472976
        },
        "mldr_retrieval": {
            "ndcg@10": 0.2590832302769219
        },
        "mrtydi": {
            "ndcg@10": 0.4236692119753354
        },
        "nlp_journal_abs_article": {
            "ndcg@10": 0.8396508926780583
        },
        "nlp_journal_abs_intro": {
            "ndcg@10": 0.8409842458346825
        },
        "nlp_journal_title_abs": {
            "ndcg@10": 0.9447219194706624
        },
        "nlp_journal_title_intro": {
            "ndcg@10": 0.7455737280382885
        }
    },
    "STS": {
        "jsick": {
            "spearman": 0.8199946308873799
        },
        "jsts": {
            "spearman": 0.7892106647109823
        }
    },
    "Clustering": {
        "livedoor_news": {
            "v_measure_score": 0.5020849222276295
        },
        "mewsc16": {
            "v_measure_score": 0.5233814767010047
        },
        "sib200_japanese_clustering": {
            "v_measure_score": 0.43592128019411325
        }
    }
}