{
    "Classification": {
        "amazon_counterfactual_classification": {
            "macro_f1": 0.7528271196943096
        },
        "amazon_review_classification": {
            "macro_f1": 0.5518771080100612
        },
        "japanese_sentiment_classification": {
            "macro_f1": 0.892368025976312
        },
        "massive_intent_classification": {
            "macro_f1": 0.7872725195473699
        },
        "massive_scenario_classification": {
            "macro_f1": 0.8713846348082936
        },
        "sib200_japanese_classification": {
            "macro_f1": 0.8583089323083904
        },
        "wrime_classification": {
            "macro_f1": 0.4323129039345514
        }
    },
    "Reranking": {
        "esci": {
            "ndcg@10": 0.9301525338489429
        },
        "jacwir_reranking": {
            "ndcg@10": 0.8827390816541736
        },
        "jqara": {
            "ndcg@10": 0.6070225247152883
        },
        "miracl_reranking": {
            "ndcg@10": 0.8243623644224994
        },
        "mldr_reranking": {
            "ndcg@10": 0.887121388271364
        }
    },
    "Retrieval": {
        "jacwir_retrieval": {
            "ndcg@10": 0.8385011452405416
        },
        "jagovfaqs_22k": {
            "ndcg@10": 0.6984652569482365
        },
        "jaqket": {
            "ndcg@10": 0.6751948574643762
        },
        "mintaka_retrieval": {
            "ndcg@10": 0.3957491894384977
        },
        "miracl_retrieval": {
            "ndcg@10": 0.652881832622734
        },
        "mldr_retrieval": {
            "ndcg@10": 0.3374776122444277
        },
        "mrtydi": {
            "ndcg@10": 0.4167021902708705
        },
        "nlp_journal_abs_article": {
            "ndcg@10": 0.899055473429718
        },
        "nlp_journal_abs_intro": {
            "ndcg@10": 0.9008045583912581
        },
        "nlp_journal_title_abs": {
            "ndcg@10": 0.9566816164352073
        },
        "nlp_journal_title_intro": {
            "ndcg@10": 0.757906107708436
        }
    },
    "STS": {
        "jsick": {
            "spearman": 0.8494858386977019
        },
        "jsts": {
            "spearman": 0.8095670694135243
        }
    },
    "Clustering": {
        "livedoor_news": {
            "v_measure_score": 0.5446091559116468
        },
        "mewsc16": {
            "v_measure_score": 0.4611859858929692
        },
        "sib200_japanese_clustering": {
            "v_measure_score": 0.43979504978761347
        }
    }
}