{
    "Classification": {
        "amazon_counterfactual_classification": {
            "macro_f1": 0.8055421233612723
        },
        "amazon_review_classification": {
            "macro_f1": 0.5541385299441624
        },
        "japanese_sentiment_classification": {
            "macro_f1": 0.8885932202820669
        },
        "massive_intent_classification": {
            "macro_f1": 0.8108237159349728
        },
        "massive_scenario_classification": {
            "macro_f1": 0.8800077744996155
        },
        "sib200_japanese_classification": {
            "macro_f1": 0.839667353042202
        },
        "wrime_classification": {
            "macro_f1": 0.4595261443020403
        }
    },
    "Reranking": {
        "esci": {
            "ndcg@10": 0.9301438020851305
        },
        "jacwir_reranking": {
            "ndcg@10": 0.8766726074179287
        },
        "jqara": {
            "ndcg@10": 0.5325863556709908
        },
        "miracl_reranking": {
            "ndcg@10": 0.7783787989685144
        },
        "mldr_reranking": {
            "ndcg@10": 0.8813650067339368
        }
    },
    "Retrieval": {
        "jacwir_retrieval": {
            "ndcg@10": 0.825837748200516
        },
        "jagovfaqs_22k": {
            "ndcg@10": 0.740126693753929
        },
        "jaqket": {
            "ndcg@10": 0.4844203596195783
        },
        "mintaka_retrieval": {
            "ndcg@10": 0.3723496207549938
        },
        "miracl_retrieval": {
            "ndcg@10": 0.5222032466588368
        },
        "mldr_retrieval": {
            "ndcg@10": 0.2898890422890513
        },
        "mrtydi": {
            "ndcg@10": 0.3351374258570715
        },
        "nlp_journal_abs_article": {
            "ndcg@10": 0.8689213841203763
        },
        "nlp_journal_abs_intro": {
            "ndcg@10": 0.8723259697162892
        },
        "nlp_journal_title_abs": {
            "ndcg@10": 0.9619567235021281
        },
        "nlp_journal_title_intro": {
            "ndcg@10": 0.7608782792491423
        }
    },
    "STS": {
        "jsick": {
            "spearman": 0.8344934497771457
        },
        "jsts": {
            "spearman": 0.8213145808052514
        }
    },
    "Clustering": {
        "livedoor_news": {
            "v_measure_score": 0.5289736036070719
        },
        "mewsc16": {
            "v_measure_score": 0.4936801242208388
        },
        "sib200_japanese_clustering": {
            "v_measure_score": 0.46507426407220503
        }
    }
}