{
    "Classification": {
        "amazon_counterfactual_classification": {
            "macro_f1": 0.7430232193667698
        },
        "amazon_review_classification": {
            "macro_f1": 0.5196833867285527
        },
        "japanese_sentiment_classification": {
            "macro_f1": 0.8969457721352727
        },
        "massive_intent_classification": {
            "macro_f1": 0.7782504182162112
        },
        "massive_scenario_classification": {
            "macro_f1": 0.8459551634050977
        },
        "sib200_japanese_classification": {
            "macro_f1": 0.8382321236746973
        },
        "wrime_classification": {
            "macro_f1": 0.3814631725334783
        }
    },
    "Reranking": {
        "esci": {
            "ndcg@10": 0.906706098295787
        },
        "jacwir_reranking": {
            "ndcg@10": 0.581551030502223
        },
        "jqara": {
            "ndcg@10": 0.3666097794082717
        },
        "miracl_reranking": {
            "ndcg@10": 0.6908907697836885
        },
        "mldr_reranking": {
            "ndcg@10": 0.8615323536010276
        }
    },
    "Retrieval": {
        "jacwir_retrieval": {
            "ndcg@10": 0.39917758524262303
        },
        "jagovfaqs_22k": {
            "ndcg@10": 0.4460371569059824
        },
        "jaqket": {
            "ndcg@10": 0.3845053301501902
        },
        "mintaka_retrieval": {
            "ndcg@10": 0.2239147895010841
        },
        "miracl_retrieval": {
            "ndcg@10": 0.13942471586306499
        },
        "mldr_retrieval": {
            "ndcg@10": 0.139069576010256
        },
        "mrtydi": {
            "ndcg@10": 0.07299085059942924
        },
        "nlp_journal_abs_article": {
            "ndcg@10": 0.5835049460335981
        },
        "nlp_journal_abs_intro": {
            "ndcg@10": 0.5863133806218087
        },
        "nlp_journal_title_abs": {
            "ndcg@10": 0.5743459511193183
        },
        "nlp_journal_title_intro": {
            "ndcg@10": 0.32465205260710006
        }
    },
    "STS": {
        "jsick": {
            "spearman": 0.7525289500265361
        },
        "jsts": {
            "spearman": 0.7466329702466956
        }
    },
    "Clustering": {
        "livedoor_news": {
            "v_measure_score": 0.45840176801621957
        },
        "mewsc16": {
            "v_measure_score": 0.4407932537977668
        },
        "sib200_japanese_clustering": {
            "v_measure_score": 0.38669286929581886
        }
    }
}