{
    "Classification": {
        "amazon_counterfactual_classification": {
            "macro_f1": 0.7640316468319925
        },
        "amazon_review_classification": {
            "macro_f1": 0.5504736753163985
        },
        "japanese_sentiment_classification": {
            "macro_f1": 0.9057099704855596
        },
        "massive_intent_classification": {
            "macro_f1": 0.792495956569193
        },
        "massive_scenario_classification": {
            "macro_f1": 0.8749858164207054
        },
        "sib200_japanese_classification": {
            "macro_f1": 0.8288719236604842
        },
        "wrime_classification": {
            "macro_f1": 0.44326523397693174
        }
    },
    "Reranking": {
        "esci": {
            "ndcg@10": 0.9094836571513687
        },
        "jacwir_reranking": {
            "ndcg@10": 0.5417192948613557
        },
        "jqara": {
            "ndcg@10": 0.3877939946491903
        },
        "miracl_reranking": {
            "ndcg@10": 0.7001887861606321
        },
        "mldr_reranking": {
            "ndcg@10": 0.8303617273610736
        }
    },
    "Retrieval": {
        "jacwir_retrieval": {
            "ndcg@10": 0.37615435869284963
        },
        "jagovfaqs_22k": {
            "ndcg@10": 0.4660165237490323
        },
        "jaqket": {
            "ndcg@10": 0.3452888488420233
        },
        "mintaka_retrieval": {
            "ndcg@10": 0.3058130510308383
        },
        "miracl_retrieval": {
            "ndcg@10": 0.10326154138228141
        },
        "mldr_retrieval": {
            "ndcg@10": 0.12550430031143336
        },
        "mrtydi": {
            "ndcg@10": 0.057502989435967655
        },
        "nlp_journal_abs_article": {
            "ndcg@10": 0.504469050615059
        },
        "nlp_journal_abs_intro": {
            "ndcg@10": 0.5069650402920987
        },
        "nlp_journal_title_abs": {
            "ndcg@10": 0.6043158227609278
        },
        "nlp_journal_title_intro": {
            "ndcg@10": 0.34323430832579677
        }
    },
    "STS": {
        "jsick": {
            "spearman": 0.8013849170804103
        },
        "jsts": {
            "spearman": 0.809789575264219
        }
    },
    "Clustering": {
        "livedoor_news": {
            "v_measure_score": 0.5147732775967515
        },
        "mewsc16": {
            "v_measure_score": 0.44443267597570074
        },
        "sib200_japanese_clustering": {
            "v_measure_score": 0.34646662604886447
        }
    }
}