{
    "Classification": {
        "amazon_counterfactual_classification": {
            "macro_f1": 0.6827876647194675
        },
        "amazon_review_classification": {
            "macro_f1": 0.5175208911836656
        },
        "japanese_sentiment_classification": {
            "macro_f1": 0.8821403624230039
        },
        "massive_intent_classification": {
            "macro_f1": 0.7964832948145142
        },
        "massive_scenario_classification": {
            "macro_f1": 0.8722583552883876
        },
        "sib200_japanese_classification": {
            "macro_f1": 0.8118131918956941
        },
        "wrime_classification": {
            "macro_f1": 0.38393198133793865
        }
    },
    "Reranking": {
        "esci": {
            "ndcg@10": 0.9127205853729194
        },
        "jacwir_reranking": {
            "ndcg@10": 0.5745412347869042
        },
        "jqara": {
            "ndcg@10": 0.31740297589991745
        },
        "miracl_reranking": {
            "ndcg@10": 0.7212459481239325
        },
        "mldr_reranking": {
            "ndcg@10": 0.8749859006713937
        }
    },
    "Retrieval": {
        "jacwir_retrieval": {
            "ndcg@10": 0.45027356866159485
        },
        "jagovfaqs_22k": {
            "ndcg@10": 0.4100248722670852
        },
        "jaqket": {
            "ndcg@10": 0.37009937036200197
        },
        "mintaka_retrieval": {
            "ndcg@10": 0.3129516236109114
        },
        "miracl_retrieval": {
            "ndcg@10": 0.16066205698392905
        },
        "mldr_retrieval": {
            "ndcg@10": 0.20077263817507693
        },
        "mrtydi": {
            "ndcg@10": 0.10152904724472846
        },
        "nlp_journal_abs_article": {
            "ndcg@10": 0.3813451499418741
        },
        "nlp_journal_abs_intro": {
            "ndcg@10": 0.3760245554186644
        },
        "nlp_journal_title_abs": {
            "ndcg@10": 0.5918422105100428
        },
        "nlp_journal_title_intro": {
            "ndcg@10": 0.25260061985270044
        }
    },
    "STS": {
        "jsick": {
            "spearman": 0.7310527928257868
        },
        "jsts": {
            "spearman": 0.8050903530724467
        }
    },
    "Clustering": {
        "livedoor_news": {
            "v_measure_score": 0.491058629988371
        },
        "mewsc16": {
            "v_measure_score": 0.4702243143778868
        },
        "sib200_japanese_clustering": {
            "v_measure_score": 0.5220924001787737
        }
    }
}