{
    "Classification": {
        "amazon_counterfactual_classification": {
            "macro_f1": 0.7981260149778604
        },
        "amazon_review_classification": {
            "macro_f1": 0.613904230518876
        },
        "japanese_sentiment_classification": {
            "macro_f1": 0.9350720201784032
        },
        "massive_intent_classification": {
            "macro_f1": 0.8368870408710274
        },
        "massive_scenario_classification": {
            "macro_f1": 0.9023393778180459
        },
        "sib200_japanese_classification": {
            "macro_f1": 0.814822834466633
        },
        "wrime_classification": {
            "macro_f1": 0.49874416955622525
        }
    },
    "Reranking": {
        "esci": {
            "ndcg@10": 0.9357698212029779
        },
        "jacwir_reranking": {
            "ndcg@10": 0.8879290064759172
        },
        "jqara": {
            "ndcg@10": 0.7055458565694387
        },
        "miracl_reranking": {
            "ndcg@10": 0.8593120098725527
        },
        "mldr_reranking": {
            "ndcg@10": 0.9252857993806471
        }
    },
    "Retrieval": {
        "jacwir_retrieval": {
            "ndcg@10": 0.8553812052293157
        },
        "jagovfaqs_22k": {
            "ndcg@10": 0.748733390366879
        },
        "jaqket": {
            "ndcg@10": 0.7351759183476264
        },
        "mintaka_retrieval": {
            "ndcg@10": 0.6610711832074698
        },
        "miracl_retrieval": {
            "ndcg@10": 0.6825626228833273
        },
        "mldr_retrieval": {
            "ndcg@10": 0.403522262945172
        },
        "mrtydi": {
            "ndcg@10": 0.4956554219902846
        },
        "nlp_journal_abs_article": {
            "ndcg@10": 0.9684244331815967
        },
        "nlp_journal_abs_intro": {
            "ndcg@10": 0.9627838420424424
        },
        "nlp_journal_title_abs": {
            "ndcg@10": 0.9810825575187433
        },
        "nlp_journal_title_intro": {
            "ndcg@10": 0.9178887982974248
        }
    },
    "STS": {
        "jsick": {
            "spearman": 0.8257994437715604
        },
        "jsts": {
            "spearman": 0.8586626198858301
        }
    },
    "Clustering": {
        "livedoor_news": {
            "v_measure_score": 0.5741299477926689
        },
        "mewsc16": {
            "v_measure_score": 0.5167004748357505
        },
        "sib200_japanese_clustering": {
            "v_measure_score": 0.48585227521060775
        }
    }
}