{
    "Classification": {
        "amazon_counterfactual_classification": {
            "macro_f1": 0.6441904761904762
        },
        "amazon_review_classification": {
            "macro_f1": 0.5312953134953877
        },
        "japanese_sentiment_classification": {
            "macro_f1": 0.8876337189807528
        },
        "massive_intent_classification": {
            "macro_f1": 0.7457150118928685
        },
        "massive_scenario_classification": {
            "macro_f1": 0.8689044829586676
        },
        "sib200_japanese_classification": {
            "macro_f1": 0.8039306302437722
        },
        "wrime_classification": {
            "macro_f1": 0.3757375090991345
        }
    },
    "Reranking": {
        "esci": {
            "ndcg@10": 0.9303611831749345
        },
        "jacwir_reranking": {
            "ndcg@10": 0.8391440408595291
        },
        "jqara": {
            "ndcg@10": 0.37540986441296365
        },
        "miracl_reranking": {
            "ndcg@10": 0.7282642345185789
        },
        "mldr_reranking": {
            "ndcg@10": 0.9082852722613336
        }
    },
    "Retrieval": {
        "jacwir_retrieval": {
            "ndcg@10": 0.7807563383397835
        },
        "jagovfaqs_22k": {
            "ndcg@10": 0.6102270226904314
        },
        "jaqket": {
            "ndcg@10": 0.4256467956806472
        },
        "mintaka_retrieval": {
            "ndcg@10": 0.27093020670377677
        },
        "mrtydi": {
            "ndcg@10": 0.1450739420851161
        },
        "miracl_retrieval": {
            "ndcg@10": 0.3453600176817199
        },
        "mldr_retrieval": {
            "ndcg@10": 0.3189777971587629
        },
        "nlp_journal_abs_article": {
            "ndcg@10": 0.9750618854208265
        },
        "nlp_journal_abs_intro": {
            "ndcg@10": 0.9499224324391132
        },
        "nlp_journal_title_abs": {
            "ndcg@10": 0.9123300358752942
        },
        "nlp_journal_title_intro": {
            "ndcg@10": 0.8197798210453923
        }
    },
    "STS": {
        "jsick": {
            "spearman": 0.7909435250482901
        },
        "jsts": {
            "spearman": 0.7894052744557472
        }
    },
    "Clustering": {
        "livedoor_news": {
            "v_measure_score": 0.4967445737496721
        },
        "mewsc16": {
            "v_measure_score": 0.4691938182964486
        },
        "sib200_japanese_clustering": {
            "v_measure_score": 0.49744578060685957
        }
    }
}