{
    "Classification": {
        "amazon_counterfactual_classification": {
            "macro_f1": 0.7473788045121156
        },
        "amazon_review_classification": {
            "macro_f1": 0.5803989931720487
        },
        "japanese_sentiment_classification": {
            "macro_f1": 0.9598578035045773
        },
        "massive_intent_classification": {
            "macro_f1": 0.8007123314267398
        },
        "massive_scenario_classification": {
            "macro_f1": 0.9058457580997293
        },
        "sib200_japanese_classification": {
            "macro_f1": 0.8691524520966505
        },
        "wrime_classification": {
            "macro_f1": 0.46617181157351545
        }
    },
    "Reranking": {
        "esci": {
            "ndcg@10": 0.9325852428034396
        },
        "jacwir_reranking": {
            "ndcg@10": 0.8672290139012463
        },
        "jqara": {
            "ndcg@10": 0.5208735587352208
        },
        "miracl_reranking": {
            "ndcg@10": 0.8237547981136122
        },
        "mldr_reranking": {
            "ndcg@10": 0.9019285986799139
        }
    },
    "Retrieval": {
        "jacwir_retrieval": {
            "ndcg@10": 0.8107178459954021
        },
        "jagovfaqs_22k": {
            "ndcg@10": 0.6942509653422283
        },
        "jaqket": {
            "ndcg@10": 0.6326539731698172
        },
        "mintaka_retrieval": {
            "ndcg@10": 0.38634126517980316
        },
        "miracl_retrieval": {
            "ndcg@10": 0.3527982534428366
        },
        "mldr_retrieval": {
            "ndcg@10": 0.34664273718176375
        },
        "mrtydi": {
            "ndcg@10": 0.13863867175417482
        },
        "nlp_journal_abs_article": {
            "ndcg@10": 0.9934404877801122
        },
        "nlp_journal_abs_intro": {
            "ndcg@10": 0.9902425863025213
        },
        "nlp_journal_title_abs": {
            "ndcg@10": 0.9611708983967426
        },
        "nlp_journal_title_intro": {
            "ndcg@10": 0.9435055100669566
        }
    },
    "STS": {
        "jsick": {
            "spearman": 0.8167115014804869
        },
        "jsts": {
            "spearman": 0.8381005453815682
        }
    },
    "Clustering": {
        "livedoor_news": {
            "v_measure_score": 0.553278169293011
        },
        "mewsc16": {
            "v_measure_score": 0.5055377268682895
        },
        "sib200_japanese_clustering": {
            "v_measure_score": 0.4254674919395097
        }
    }
}