{
    "Classification": {
        "amazon_counterfactual_classification": {
            "macro_f1": 0.7597182825660609
        },
        "amazon_review_classification": {
            "macro_f1": 0.5554544939941979
        },
        "japanese_sentiment_classification": {
            "macro_f1": 0.9235657959062215
        },
        "massive_intent_classification": {
            "macro_f1": 0.8092593406289539
        },
        "massive_scenario_classification": {
            "macro_f1": 0.8886710878440421
        },
        "sib200_japanese_classification": {
            "macro_f1": 0.8926416828413609
        },
        "wrime_classification": {
            "macro_f1": 0.461674192977988
        }
    },
    "Reranking": {
        "esci": {
            "ndcg@10": 0.9317155624145913
        },
        "jacwir_reranking": {
            "ndcg@10": 0.8576025511447865
        },
        "jqara": {
            "ndcg@10": 0.6066458919871698
        },
        "miracl_reranking": {
            "ndcg@10": 0.842561072326263
        },
        "mldr_reranking": {
            "ndcg@10": 0.8846847676615118
        }
    },
    "Retrieval": {
        "jacwir_retrieval": {
            "ndcg@10": 0.8101096413526069
        },
        "jagovfaqs_22k": {
            "ndcg@10": 0.7590325308586044
        },
        "jaqket": {
            "ndcg@10": 0.5700921243106366
        },
        "mintaka_retrieval": {
            "ndcg@10": 0.4417665675636218
        },
        "miracl_retrieval": {
            "ndcg@10": 0.6821942595823656
        },
        "mldr_retrieval": {
            "ndcg@10": 0.3773323411085737
        },
        "mrtydi": {
            "ndcg@10": 0.4088554217076187
        },
        "nlp_journal_abs_article": {
            "ndcg@10": 0.8805294567802572
        },
        "nlp_journal_abs_intro": {
            "ndcg@10": 0.8973083823806287
        },
        "nlp_journal_title_abs": {
            "ndcg@10": 0.9696059096853805
        },
        "nlp_journal_title_intro": {
            "ndcg@10": 0.789314612552914
        }
    },
    "STS": {
        "jsick": {
            "spearman": 0.8262585834114126
        },
        "jsts": {
            "spearman": 0.8343314248100878
        }
    },
    "Clustering": {
        "livedoor_news": {
            "v_measure_score": 0.5437561090974637
        },
        "mewsc16": {
            "v_measure_score": 0.5060934807171409
        },
        "sib200_japanese_clustering": {
            "v_measure_score": 0.3553392136864812
        }
    }
}