{
    "Classification": {
        "amazon_counterfactual_classification": {
            "macro_f1": 0.7566641070645019
        },
        "amazon_review_classification": {
            "macro_f1": 0.5592380194288931
        },
        "japanese_sentiment_classification": {
            "macro_f1": 0.9247316420398219
        },
        "massive_intent_classification": {
            "macro_f1": 0.7969405064711308
        },
        "massive_scenario_classification": {
            "macro_f1": 0.8878150037902697
        },
        "sib200_japanese_classification": {
            "macro_f1": 0.8879284979908093
        },
        "wrime_classification": {
            "macro_f1": 0.4479199921939335
        }
    },
    "Reranking": {
        "esci": {
            "ndcg@10": 0.9307575086574312
        },
        "jacwir_reranking": {
            "ndcg@10": 0.8801798665433301
        },
        "jqara": {
            "ndcg@10": 0.6081107028862826
        },
        "miracl_reranking": {
            "ndcg@10": 0.8416254073253052
        },
        "mldr_reranking": {
            "ndcg@10": 0.8975507446959331
        }
    },
    "Retrieval": {
        "jacwir_retrieval": {
            "ndcg@10": 0.8363310233725835
        },
        "jagovfaqs_22k": {
            "ndcg@10": 0.7486056143814147
        },
        "jaqket": {
            "ndcg@10": 0.6207677275521556
        },
        "mintaka_retrieval": {
            "ndcg@10": 0.46263437531858187
        },
        "miracl_retrieval": {
            "ndcg@10": 0.6608069758475111
        },
        "mldr_retrieval": {
            "ndcg@10": 0.3711116927295728
        },
        "mrtydi": {
            "ndcg@10": 0.42808626125158766
        },
        "nlp_journal_abs_article": {
            "ndcg@10": 0.9048392277455368
        },
        "nlp_journal_abs_intro": {
            "ndcg@10": 0.8957852847989402
        },
        "nlp_journal_title_abs": {
            "ndcg@10": 0.9688490751478652
        },
        "nlp_journal_title_intro": {
            "ndcg@10": 0.8015822988873935
        }
    },
    "STS": {
        "jsick": {
            "spearman": 0.8255233271287779
        },
        "jsts": {
            "spearman": 0.833255888379162
        }
    },
    "Clustering": {
        "livedoor_news": {
            "v_measure_score": 0.5304285499381985
        },
        "mewsc16": {
            "v_measure_score": 0.549773161466244
        },
        "sib200_japanese_clustering": {
            "v_measure_score": 0.39856058468828076
        }
    }
}