{
    "Classification": {
        "amazon_counterfactual_classification": {
            "macro_f1": 0.7674793827265536
        },
        "amazon_review_classification": {
            "macro_f1": 0.5955994619477079
        },
        "japanese_sentiment_classification": {
            "macro_f1": 0.9500285886600925
        },
        "massive_intent_classification": {
            "macro_f1": 0.807938642045445
        },
        "massive_scenario_classification": {
            "macro_f1": 0.8790346026671575
        },
        "sib200_japanese_classification": {
            "macro_f1": 0.8287806075978352
        },
        "wrime_classification": {
            "macro_f1": 0.46634901067800855
        }
    },
    "Reranking": {
        "esci": {
            "ndcg@10": 0.9336981049156847
        },
        "jacwir_reranking": {
            "ndcg@10": 0.8864670177419038
        },
        "jqara": {
            "ndcg@10": 0.663018840039673
        },
        "miracl_reranking": {
            "ndcg@10": 0.865876689917921
        },
        "mldr_reranking": {
            "ndcg@10": 0.9362058245511219
        }
    },
    "Retrieval": {
        "jacwir_retrieval": {
            "ndcg@10": 0.8421113535976967
        },
        "jagovfaqs_22k": {
            "ndcg@10": 0.7532393338902414
        },
        "jaqket": {
            "ndcg@10": 0.730979460582779
        },
        "mintaka_retrieval": {
            "ndcg@10": 0.5177034569356731
        },
        "miracl_retrieval": {
            "ndcg@10": 0.7100959869376436
        },
        "mldr_retrieval": {
            "ndcg@10": 0.45158335316076936
        },
        "mrtydi": {
            "ndcg@10": 0.4780012151028164
        },
        "nlp_journal_abs_article": {
            "ndcg@10": 0.995144547086835
        },
        "nlp_journal_abs_intro": {
            "ndcg@10": 0.9887952520028016
        },
        "nlp_journal_title_abs": {
            "ndcg@10": 0.9795152116360624
        },
        "nlp_journal_title_intro": {
            "ndcg@10": 0.9628103840588119
        }
    },
    "STS": {
        "jsick": {
            "spearman": 0.7885956280300046
        },
        "jsts": {
            "spearman": 0.8323603869543141
        }
    },
    "Clustering": {
        "livedoor_news": {
            "v_measure_score": 0.5436288048604071
        },
        "mewsc16": {
            "v_measure_score": 0.4883532965483729
        },
        "sib200_japanese_clustering": {
            "v_measure_score": 0.5019988844015973
        }
    }
}