{
    "Classification": {
        "amazon_counterfactual_classification": {
            "macro_f1": 0.783099568311452
        },
        "amazon_review_classification": {
            "macro_f1": 0.5944746651925705
        },
        "japanese_sentiment_classification": {
            "macro_f1": 0.9431198538267576
        },
        "massive_intent_classification": {
            "macro_f1": 0.8149255332020151
        },
        "massive_scenario_classification": {
            "macro_f1": 0.8947952643551863
        },
        "sib200_japanese_classification": {
            "macro_f1": 0.810693364262975
        },
        "wrime_classification": {
            "macro_f1": 0.4719290383041927
        }
    },
    "Reranking": {
        "esci": {
            "ndcg@10": 0.9323422673110093
        },
        "jacwir_reranking": {
            "ndcg@10": 0.886797390210438
        },
        "jqara": {
            "ndcg@10": 0.5949566155613621
        },
        "miracl_reranking": {
            "ndcg@10": 0.8365132096947007
        },
        "mldr_reranking": {
            "ndcg@10": 0.905987837934694
        }
    },
    "Retrieval": {
        "jacwir_retrieval": {
            "ndcg@10": 0.8396605101033986
        },
        "jagovfaqs_22k": {
            "ndcg@10": 0.7044120815764233
        },
        "jaqket": {
            "ndcg@10": 0.668985707624401
        },
        "mintaka_retrieval": {
            "ndcg@10": 0.3771495795859979
        },
        "miracl_retrieval": {
            "ndcg@10": 0.629986996485053
        },
        "mldr_retrieval": {
            "ndcg@10": 0.40851022540172316
        },
        "mrtydi": {
            "ndcg@10": 0.4086030739504672
        },
        "nlp_journal_abs_article": {
            "ndcg@10": 0.9948878220798322
        },
        "nlp_journal_abs_intro": {
            "ndcg@10": 0.991222978459384
        },
        "nlp_journal_title_abs": {
            "ndcg@10": 0.9682510778355471
        },
        "nlp_journal_title_intro": {
            "ndcg@10": 0.9486338601090848
        }
    },
    "STS": {
        "jsick": {
            "spearman": 0.7465204415376064
        },
        "jsts": {
            "spearman": 0.8385411607901572
        }
    },
    "Clustering": {
        "livedoor_news": {
            "v_measure_score": 0.5332286173378387
        },
        "mewsc16": {
            "v_measure_score": 0.5022136382986246
        },
        "sib200_japanese_clustering": {
            "v_measure_score": 0.4435545686211067
        }
    }
}