{
    "Classification": {
        "amazon_counterfactual_classification": {
            "macro_f1": 0.7758538459902731
        },
        "amazon_review_classification": {
            "macro_f1": 0.5947995518406083
        },
        "japanese_sentiment_classification": {
            "macro_f1": 0.9172503242542154
        },
        "massive_intent_classification": {
            "macro_f1": 0.8278794713377423
        },
        "massive_scenario_classification": {
            "macro_f1": 0.8994521566290758
        },
        "sib200_japanese_classification": {
            "macro_f1": 0.9031045220702235
        },
        "wrime_classification": {
            "macro_f1": 0.4920234056704329
        }
    },
    "Reranking": {
        "esci": {
            "ndcg@10": 0.9358806147164782
        },
        "jacwir_reranking": {
            "ndcg@10": 0.9174123687849153
        },
        "jqara": {
            "ndcg@10": 0.6614745715723234
        },
        "miracl_reranking": {
            "ndcg@10": 0.8191089804461983
        },
        "mldr_reranking": {
            "ndcg@10": 0.9187107530127357
        }
    },
    "Retrieval": {
        "jacwir_retrieval": {
            "ndcg@10": 0.8891350347274469
        },
        "jagovfaqs_22k": {
            "ndcg@10": 0.7902563114751548
        },
        "jaqket": {
            "ndcg@10": 0.543879907336617
        },
        "mintaka_retrieval": {
            "ndcg@10": 0.5455917771478032
        },
        "miracl_retrieval": {
            "ndcg@10": 0.5991430810654191
        },
        "mldr_retrieval": {
            "ndcg@10": 0.3668286739593277
        },
        "mrtydi": {
            "ndcg@10": 0.4186565845821445
        },
        "nlp_journal_abs_article": {
            "ndcg@10": 0.9765055597743824
        },
        "nlp_journal_abs_intro": {
            "ndcg@10": 0.990219021795052
        },
        "nlp_journal_title_abs": {
            "ndcg@10": 0.9862781050998647
        },
        "nlp_journal_title_intro": {
            "ndcg@10": 0.9510769472900551
        }
    },
    "STS": {
        "jsick": {
            "spearman": 0.81830804755845
        },
        "jsts": {
            "spearman": 0.8446183418196836
        }
    },
    "Clustering": {
        "livedoor_news": {
            "v_measure_score": 0.6173644704637056
        },
        "mewsc16": {
            "v_measure_score": 0.4802637594283387
        },
        "sib200_japanese_clustering": {
            "v_measure_score": 0.4773483587781526
        }
    }
}