{
    "Classification": {
        "amazon_counterfactual_classification": {
            "macro_f1": 0.7950391460082398
        },
        "amazon_review_classification": {
            "macro_f1": 0.5685184036314727
        },
        "japanese_sentiment_classification": {
            "macro_f1": 0.9356380708493385
        },
        "massive_intent_classification": {
            "macro_f1": 0.8209962603450597
        },
        "massive_scenario_classification": {
            "macro_f1": 0.9002551808707712
        },
        "sib200_japanese_classification": {
            "macro_f1": 0.852564312646895
        },
        "wrime_classification": {
            "macro_f1": 0.46447181564392015
        }
    },
    "Reranking": {
        "esci": {
            "ndcg@10": 0.9298778327436324
        },
        "jacwir_reranking": {
            "ndcg@10": 0.8661076138203823
        },
        "jqara": {
            "ndcg@10": 0.5958950681984889
        },
        "miracl_reranking": {
            "ndcg@10": 0.8022791978749706
        },
        "mldr_reranking": {
            "ndcg@10": 0.8690504682983363
        }
    },
    "Retrieval": {
        "jacwir_retrieval": {
            "ndcg@10": 0.8169123630823522
        },
        "jagovfaqs_22k": {
            "ndcg@10": 0.7763829985024149
        },
        "jaqket": {
            "ndcg@10": 0.617343261611166
        },
        "mintaka_retrieval": {
            "ndcg@10": 0.5106450721691843
        },
        "miracl_retrieval": {
            "ndcg@10": 0.5547009159538185
        },
        "mldr_retrieval": {
            "ndcg@10": 0.3476835812045506
        },
        "mrtydi": {
            "ndcg@10": 0.38120908812619875
        },
        "nlp_journal_abs_article": {
            "ndcg@10": 0.8652992529882778
        },
        "nlp_journal_abs_intro": {
            "ndcg@10": 0.8891161860918603
        },
        "nlp_journal_title_abs": {
            "ndcg@10": 0.9617411892426375
        },
        "nlp_journal_title_intro": {
            "ndcg@10": 0.7922108957487803
        }
    },
    "STS": {
        "jsick": {
            "spearman": 0.8199569498182433
        },
        "jsts": {
            "spearman": 0.8426241685487486
        }
    },
    "Clustering": {
        "livedoor_news": {
            "v_measure_score": 0.5443732953428371
        },
        "mewsc16": {
            "v_measure_score": 0.5058998835740889
        },
        "sib200_japanese_clustering": {
            "v_measure_score": 0.44757212682292163
        }
    }
}