{
    "Classification": {
        "amazon_counterfactual_classification": {
            "macro_f1": 0.7473900578785092
        },
        "amazon_review_classification": {
            "macro_f1": 0.5163267880432743
        },
        "japanese_sentiment_classification": {
            "macro_f1": 0.8943804239578887
        },
        "massive_intent_classification": {
            "macro_f1": 0.7708783013419095
        },
        "massive_scenario_classification": {
            "macro_f1": 0.883882574111003
        },
        "sib200_japanese_classification": {
            "macro_f1": 0.8147469939175009
        },
        "wrime_classification": {
            "macro_f1": 0.4010561963802254
        }
    },
    "Reranking": {
        "esci": {
            "ndcg@10": 0.9160790861014678
        },
        "jacwir_reranking": {
            "ndcg@10": 0.6785244283016075
        },
        "jqara": {
            "ndcg@10": 0.2488300870810785
        },
        "miracl_reranking": {
            "ndcg@10": 0.6956277678029864
        },
        "mldr_reranking": {
            "ndcg@10": 0.818396899799895
        }
    },
    "Retrieval": {
        "jacwir_retrieval": {
            "ndcg@10": 0.49122610922285737
        },
        "jagovfaqs_22k": {
            "ndcg@10": 0.4278484555298903
        },
        "jaqket": {
            "ndcg@10": 0.34162439290480445
        },
        "mintaka_retrieval": {
            "ndcg@10": 0.20021150938693902
        },
        "miracl_retrieval": {
            "ndcg@10": 0.09640164259724278
        },
        "mldr_retrieval": {
            "ndcg@10": 0.07525879379433965
        },
        "mrtydi": {
            "ndcg@10": 0.04221321214455149
        },
        "nlp_journal_abs_article": {
            "ndcg@10": 0.48063138821949475
        },
        "nlp_journal_abs_intro": {
            "ndcg@10": 0.48202233374429526
        },
        "nlp_journal_title_abs": {
            "ndcg@10": 0.7559363652226313
        },
        "nlp_journal_title_intro": {
            "ndcg@10": 0.3553481928114969
        }
    },
    "STS": {
        "jsick": {
            "spearman": 0.770087314840748
        },
        "jsts": {
            "spearman": 0.7611615118281959
        }
    },
    "Clustering": {
        "livedoor_news": {
            "v_measure_score": 0.463597204662105
        },
        "mewsc16": {
            "v_measure_score": 0.41072280934417754
        },
        "sib200_japanese_clustering": {
            "v_measure_score": 0.2859403214333406
        }
    }
}