{
    "Classification": {
        "amazon_counterfactual_classification": {
            "macro_f1": 0.6806231003039513
        },
        "amazon_review_classification": {
            "macro_f1": 0.46807443888459704
        },
        "japanese_sentiment_classification": {
            "macro_f1": 0.7982203591912549
        },
        "massive_intent_classification": {
            "macro_f1": 0.7479207001300227
        },
        "massive_scenario_classification": {
            "macro_f1": 0.8218342894775092
        },
        "sib200_japanese_classification": {
            "macro_f1": 0.8333478541030553
        },
        "wrime_classification": {
            "macro_f1": 0.32116037890073806
        }
    },
    "Reranking": {
        "esci": {
            "ndcg@10": 0.918697023137389
        },
        "jacwir_reranking": {
            "ndcg@10": 0.8096474845962077
        },
        "jqara": {
            "ndcg@10": 0.470607034824141
        },
        "miracl_reranking": {
            "ndcg@10": 0.7201497903350694
        },
        "mldr_reranking": {
            "ndcg@10": 0.9355298111228094
        }
    },
    "Retrieval": {
        "jacwir_retrieval": {
            "ndcg@10": 0.7227068099625594
        },
        "jagovfaqs_22k": {
            "ndcg@10": 0.5555106276533467
        },
        "jaqket": {
            "ndcg@10": 0.6403798293637829
        },
        "mintaka_retrieval": {
            "ndcg@10": 0.3893399585539267
        },
        "miracl_retrieval": {
            "ndcg@10": 0.3261108514005591
        },
        "mldr_retrieval": {
            "ndcg@10": 0.4251322740050699
        },
        "mrtydi": {
            "ndcg@10": 0.1118466505474389
        },
        "nlp_journal_abs_article": {
            "ndcg@10": 0.7618517724714088
        },
        "nlp_journal_abs_intro": {
            "ndcg@10": 0.9573914637080742
        },
        "nlp_journal_title_abs": {
            "ndcg@10": 0.9036776565067465
        },
        "nlp_journal_title_intro": {
            "ndcg@10": 0.862455457223212
        }
    },
    "STS": {
        "jsick": {
            "spearman": 0.8251124620732032
        },
        "jsts": {
            "spearman": 0.7781260135980573
        }
    },
    "Clustering": {
        "livedoor_news": {
            "v_measure_score": 0.5143752588371998
        },
        "mewsc16": {
            "v_measure_score": 0.34814733829489664
        },
        "sib200_japanese_clustering": {
            "v_measure_score": 0.21465115117004985
        }
    }
}