{
    "Classification": {
        "amazon_counterfactual_classification": {
            "macro_f1": 0.8094128488678252
        },
        "amazon_review_classification": {
            "macro_f1": 0.5659214886035633
        },
        "japanese_sentiment_classification": {
            "macro_f1": 0.9284205476590246
        },
        "massive_intent_classification": {
            "macro_f1": 0.8204441381456143
        },
        "massive_scenario_classification": {
            "macro_f1": 0.8906242320705621
        },
        "sib200_japanese_classification": {
            "macro_f1": 0.8716643928856579
        },
        "wrime_classification": {
            "macro_f1": 0.4677163113146191
        }
    },
    "Reranking": {
        "esci": {
            "ndcg@10": 0.9312912083496456
        },
        "jacwir_reranking": {
            "ndcg@10": 0.878805967924806
        },
        "jqara": {
            "ndcg@10": 0.6482970748995697
        },
        "miracl_reranking": {
            "ndcg@10": 0.8512279123447289
        },
        "mldr_reranking": {
            "ndcg@10": 0.9210262810282298
        }
    },
    "Retrieval": {
        "jacwir_retrieval": {
            "ndcg@10": 0.8367233934723535
        },
        "jagovfaqs_22k": {
            "ndcg@10": 0.7679418242867421
        },
        "jaqket": {
            "ndcg@10": 0.7241716340127085
        },
        "mintaka_retrieval": {
            "ndcg@10": 0.5148239217305874
        },
        "miracl_retrieval": {
            "ndcg@10": 0.676390093567232
        },
        "mldr_retrieval": {
            "ndcg@10": 0.3852206121065063
        },
        "mrtydi": {
            "ndcg@10": 0.4814373141138685
        },
        "nlp_journal_abs_article": {
            "ndcg@10": 0.9091766708207994
        },
        "nlp_journal_abs_intro": {
            "ndcg@10": 0.9097660619886572
        },
        "nlp_journal_title_abs": {
            "ndcg@10": 0.977916817390836
        },
        "nlp_journal_title_intro": {
            "ndcg@10": 0.8268753596030661
        }
    },
    "STS": {
        "jsick": {
            "spearman": 0.830112854122649
        },
        "jsts": {
            "spearman": 0.8350279172656399
        }
    },
    "Clustering": {
        "livedoor_news": {
            "v_measure_score": 0.47155309533386025
        },
        "mewsc16": {
            "v_measure_score": 0.48820945811088695
        },
        "sib200_japanese_clustering": {
            "v_measure_score": 0.5027235716725846
        }
    }
}