{
    "Classification": {
        "amazon_counterfactual_classification": {
            "macro_f1": 0.7950890220234579
        },
        "amazon_review_classification": {
            "macro_f1": 0.5708906806011181
        },
        "japanese_sentiment_classification": {
            "macro_f1": 0.935661827685557
        },
        "massive_intent_classification": {
            "macro_f1": 0.8087242075730218
        },
        "massive_scenario_classification": {
            "macro_f1": 0.8970775785938794
        },
        "sib200_japanese_classification": {
            "macro_f1": 0.8471804883814585
        },
        "wrime_classification": {
            "macro_f1": 0.47233151152826275
        }
    },
    "Reranking": {
        "esci": {
            "ndcg@10": 0.9321133927024134
        },
        "jacwir_reranking": {
            "ndcg@10": 0.8529056816630052
        },
        "jqara": {
            "ndcg@10": 0.644692559122629
        },
        "miracl_reranking": {
            "ndcg@10": 0.857799148388121
        },
        "mldr_reranking": {
            "ndcg@10": 0.9068464851749977
        }
    },
    "Retrieval": {
        "jacwir_retrieval": {
            "ndcg@10": 0.8048616669652183
        },
        "jagovfaqs_22k": {
            "ndcg@10": 0.7822527313926262
        },
        "jaqket": {
            "ndcg@10": 0.6561070613824674
        },
        "mintaka_retrieval": {
            "ndcg@10": 0.5040548535978852
        },
        "miracl_retrieval": {
            "ndcg@10": 0.7046000072363299
        },
        "mldr_retrieval": {
            "ndcg@10": 0.36969618230893564
        },
        "mrtydi": {
            "ndcg@10": 0.4636780745156557
        },
        "nlp_journal_abs_article": {
            "ndcg@10": 0.9085158509835447
        },
        "nlp_journal_abs_intro": {
            "ndcg@10": 0.9114732359476821
        },
        "nlp_journal_title_abs": {
            "ndcg@10": 0.977434890774318
        },
        "nlp_journal_title_intro": {
            "ndcg@10": 0.8232131912662143
        }
    },
    "STS": {
        "jsick": {
            "spearman": 0.8212250726981067
        },
        "jsts": {
            "spearman": 0.8424300570470996
        }
    },
    "Clustering": {
        "livedoor_news": {
            "v_measure_score": 0.5562089376369613
        },
        "mewsc16": {
            "v_measure_score": 0.509675337301281
        },
        "sib200_japanese_clustering": {
            "v_measure_score": 0.4605817648504685
        }
    }
}