{
    "Classification": {
        "amazon_counterfactual_classification": {
            "macro_f1": 0.8203088346974938
        },
        "amazon_review_classification": {
            "macro_f1": 0.5793470941382456
        },
        "japanese_sentiment_classification": {
            "macro_f1": 0.9289309593569228
        },
        "massive_intent_classification": {
            "macro_f1": 0.7852003872158392
        },
        "massive_scenario_classification": {
            "macro_f1": 0.8771105186592234
        },
        "sib200_japanese_classification": {
            "macro_f1": 0.7723533533184818
        },
        "wrime_classification": {
            "macro_f1": 0.48820317778534994
        }
    },
    "Reranking": {
        "esci": {
            "ndcg@10": 0.9182072351783757
        },
        "jacwir_reranking": {
            "ndcg@10": 0.7453523153562407
        },
        "jqara": {
            "ndcg@10": 0.30235678517238046
        },
        "miracl_reranking": {
            "ndcg@10": 0.7782487998017047
        },
        "mldr_reranking": {
            "ndcg@10": 0.8742431547482784
        }
    },
    "Retrieval": {
        "jacwir_retrieval": {
            "ndcg@10": 0.6929937892822252
        },
        "jagovfaqs_22k": {
            "ndcg@10": 0.6414300605061649
        },
        "jaqket": {
            "ndcg@10": 0.39775627519142726
        },
        "mintaka_retrieval": {
            "ndcg@10": 0.2981097485323552
        },
        "miracl_retrieval": {
            "ndcg@10": 0.4826861479972318
        },
        "mldr_retrieval": {
            "ndcg@10": 0.2507030467719784
        },
        "mrtydi": {
            "ndcg@10": 0.3013997193651328
        },
        "nlp_journal_abs_article": {
            "ndcg@10": 0.7677861541704494
        },
        "nlp_journal_abs_intro": {
            "ndcg@10": 0.7720777474520221
        },
        "nlp_journal_title_abs": {
            "ndcg@10": 0.8139955508348415
        },
        "nlp_journal_title_intro": {
            "ndcg@10": 0.5843440022515908
        }
    },
    "STS": {
        "jsick": {
            "spearman": 0.7489963692364312
        },
        "jsts": {
            "spearman": 0.8246470658338377
        }
    },
    "Clustering": {
        "livedoor_news": {
            "v_measure_score": 0.5022894818692664
        },
        "mewsc16": {
            "v_measure_score": 0.4952409837584659
        },
        "sib200_japanese_clustering": {
            "v_measure_score": 0.41426282292221306
        }
    }
}