{
    "Classification": {
        "amazon_counterfactual_classification": {
            "macro_f1": 0.7789727938896414
        },
        "amazon_review_classification": {
            "macro_f1": 0.6043632319384946
        },
        "japanese_sentiment_classification": {
            "macro_f1": 0.9689111460113327
        },
        "massive_intent_classification": {
            "macro_f1": 0.8090871295952566
        },
        "massive_scenario_classification": {
            "macro_f1": 0.9108443051510002
        },
        "sib200_japanese_classification": {
            "macro_f1": 0.8785070638424861
        },
        "wrime_classification": {
            "macro_f1": 0.45837220696591946
        }
    },
    "Reranking": {
        "esci": {
            "ndcg@10": 0.9358042266852659
        },
        "jacwir_reranking": {
            "ndcg@10": 0.8678014849879991
        },
        "jqara": {
            "ndcg@10": 0.5688951496540466
        },
        "miracl_reranking": {
            "ndcg@10": 0.8379796888542357
        },
        "mldr_reranking": {
            "ndcg@10": 0.9423911330344104
        }
    },
    "Retrieval": {
        "jacwir_retrieval": {
            "ndcg@10": 0.8290267731484572
        },
        "jagovfaqs_22k": {
            "ndcg@10": 0.7240937077183436
        },
        "jaqket": {
            "ndcg@10": 0.48208863565793814
        },
        "mintaka_retrieval": {
            "ndcg@10": 0.6351669096573943
        },
        "miracl_retrieval": {
            "ndcg@10": 0.6056623188124566
        },
        "mldr_retrieval": {
            "ndcg@10": 0.4526315025094686
        },
        "mrtydi": {
            "ndcg@10": 0.3488438390945784
        },
        "nlp_journal_abs_article": {
            "ndcg@10": 0.923732838888777
        },
        "nlp_journal_abs_intro": {
            "ndcg@10": 0.9932811349540317
        },
        "nlp_journal_title_abs": {
            "ndcg@10": 0.9655113335080678
        },
        "nlp_journal_title_intro": {
            "ndcg@10": 0.9547126796600445
        }        
    },
    "STS": {
        "jsick": {
            "spearman": 0.8126909906411093
        },
        "jsts": {
            "spearman": 0.8376863979620452
        }
    },
    "Clustering": {
        "livedoor_news": {
            "v_measure_score": 0.5708905391944281
        },
        "mewsc16": {
            "v_measure_score": 0.4955424351458981
        },
        "sib200_japanese_clustering": {
            "v_measure_score": 0.4882897499806697
        }
    }
}