{
    "Classification": {
        "amazon_counterfactual_classification": {
            "macro_f1": 0.7000818608185178
        },
        "amazon_review_classification": {
            "macro_f1": 0.5592259673654241
        },
        "japanese_sentiment_classification": {
            "macro_f1": 0.8997314741995592
        },
        "massive_intent_classification": {
            "macro_f1": 0.7766119663088307
        },
        "massive_scenario_classification": {
            "macro_f1": 0.8866536867311439
        },
        "sib200_japanese_classification": {
            "macro_f1": 0.8472270726472407
        },
        "wrime_classification": {
            "macro_f1": 0.4005292604550654
        }
    },
    "Reranking": {
        "esci": {
            "ndcg@10": 0.9291728102678644
        },
        "jacwir_reranking": {
            "ndcg@10": 0.8472076343603366
        },
        "jqara": {
            "ndcg@10": 0.3858424853310068
        },
        "miracl_reranking": {
            "ndcg@10": 0.7761045097931168
        },
        "mldr_reranking": {
            "ndcg@10": 0.9261211375496474
        }
    },
    "Retrieval": {
        "jacwir_retrieval": {
            "ndcg@10": 0.7958409152797974
        },
        "jagovfaqs_22k": {
            "ndcg@10": 0.640150048193537
        },
        "jaqket": {
            "ndcg@10": 0.3394304922804131
        },
        "mintaka_retrieval": {
            "ndcg@10": 0.3243993062339528
        },
        "miracl_retrieval": {
            "ndcg@10": 0.4844750116221409
        },
        "mldr_retrieval": {
            "ndcg@10": 0.35067885909631535
        },
        "mrtydi": {
            "ndcg@10": 0.2002984123046011
        },
        "nlp_journal_abs_article": {
            "ndcg@10": 0.8583248954344459
        },
        "nlp_journal_abs_intro": {
            "ndcg@10": 0.9846617848570168
        },
        "nlp_journal_title_abs": {
            "ndcg@10": 0.9170440283351765
        },
        "nlp_journal_title_intro": {
            "ndcg@10": 0.9017272741306225
        }
    },
    "STS": {
        "jsick": {
            "spearman": 0.8083062989093882
        },
        "jsts": {
            "spearman": 0.7808357024283473
        }
    },
    "Clustering": {
        "livedoor_news": {
            "v_measure_score": 0.5457015968799334
        },
        "mewsc16": {
            "v_measure_score": 0.4755374215259236
        },
        "sib200_japanese_clustering": {
            "v_measure_score": 0.44591888262353296
        }
    }
}