{
    "Classification": {
        "amazon_counterfactual_classification": {
            "macro_f1": 0.7769528027441275
        },
        "amazon_review_classification": {
            "macro_f1": 0.5146406875677701
        },
        "japanese_sentiment_classification": {
            "macro_f1": 0.8844781754440035
        },
        "massive_intent_classification": {
            "macro_f1": 0.7872353730798753
        },
        "massive_scenario_classification": {
            "macro_f1": 0.8639715373498098
        },
        "sib200_japanese_classification": {
            "macro_f1": 0.8350488266987821
        },
        "wrime_classification": {
            "macro_f1": 0.3815230965003785
        }
    },
    "Reranking": {
        "esci": {
            "ndcg@10": 0.909518320556229
        },
        "jacwir_reranking": {
            "ndcg@10": 0.5981293078380808
        },
        "jqara": {
            "ndcg@10": 0.3719557553111225
        },
        "miracl_reranking": {
            "ndcg@10": 0.6789908587925922
        },
        "mldr_reranking": {
            "ndcg@10": 0.8281088898171538
        }
    },
    "Retrieval": {
        "jacwir_retrieval": {
            "ndcg@10": 0.40870107804696715
        },
        "jagovfaqs_22k": {
            "ndcg@10": 0.43866776366232035
        },
        "jaqket": {
            "ndcg@10": 0.3555985699236658
        },
        "mintaka_retrieval": {
            "ndcg@10": 0.1997740482697841
        },
        "miracl_retrieval": {
            "ndcg@10": 0.16521386136598404
        },
        "mldr_retrieval": {
            "ndcg@10": 0.12060735418211223
        },
        "mrtydi": {
            "ndcg@10": 0.07107405961190999
        },
        "nlp_journal_abs_article": {
            "ndcg@10": 0.5430415601583998
        },
        "nlp_journal_abs_intro": {
            "ndcg@10": 0.5585881454407594
        },
        "nlp_journal_title_abs": {
            "ndcg@10": 0.629620778788499
        },
        "nlp_journal_title_intro": {
            "ndcg@10": 0.3517328767423871
        }
    },
    "STS": {
        "jsick": {
            "spearman": 0.7775668305928584
        },
        "jsts": {
            "spearman": 0.7563460117163054
        }
    },
    "Clustering": {
        "livedoor_news": {
            "v_measure_score": 0.4601335671191492
        },
        "mewsc16": {
            "v_measure_score": 0.3922006290468797
        },
        "sib200_japanese_clustering": {
            "v_measure_score": 0.26776016463956887
        }
    }
}