{
    "Classification": {
        "amazon_counterfactual_classification": {
            "macro_f1": 0.7972419438068292
        },
        "amazon_review_classification": {
            "macro_f1": 0.5802127224160758
        },
        "japanese_sentiment_classification": {
            "macro_f1": 0.9199098092136551
        },
        "massive_intent_classification": {
            "macro_f1": 0.8015558847211773
        },
        "massive_scenario_classification": {
            "macro_f1": 0.8878291337617034
        },
        "sib200_japanese_classification": {
            "macro_f1": 0.7731122315942124
        },
        "wrime_classification": {
            "macro_f1": 0.4573111522822367
        }
    },
    "Reranking": {
        "esci": {
            "ndcg@10": 0.9151322326635167
        },
        "jacwir_reranking": {
            "ndcg@10": 0.6745048816141938
        },
        "jqara": {
            "ndcg@10": 0.36039102371287524
        },
        "miracl_reranking": {
            "ndcg@10": 0.6867643099800397
        },
        "mldr_reranking": {
            "ndcg@10": 0.8538476294446257
        }
    },
    "Retrieval": {
        "jacwir_retrieval": {
            "ndcg@10": 0.5964999187333498
        },
        "jagovfaqs_22k": {
            "ndcg@10": 0.5407367959715127
        },
        "jaqket": {
            "ndcg@10": 0.4021523812335328
        },
        "mintaka_retrieval": {
            "ndcg@10": 0.2482827887837841
        },
        "miracl_retrieval": {
            "ndcg@10": 0.17190013577864438
        },
        "mldr_retrieval": {
            "ndcg@10": 0.19084474235068657
        },
        "mrtydi": {
            "ndcg@10": 0.10090455185771262
        },
        "nlp_journal_abs_article": {
            "ndcg@10": 0.44067635335327865
        },
        "nlp_journal_abs_intro": {
            "ndcg@10": 0.44837143094362086
        },
        "nlp_journal_title_abs": {
            "ndcg@10": 0.7368252250653567
        },
        "nlp_journal_title_intro": {
            "ndcg@10": 0.3115238718909808
        }
    },
    "STS": {
        "jsick": {
            "spearman": 0.7203759702575281
        },
        "jsts": {
            "spearman": 0.8107670759374308
        }
    },
    "Clustering": {
        "livedoor_news": {
            "v_measure_score": 0.5170361974340975
        },
        "mewsc16": {
            "v_measure_score": 0.5152481901891431
        },
        "sib200_japanese_clustering": {
            "v_measure_score": 0.43034104597999767
        }
    }
}