{
    "Classification": {
        "amazon_counterfactual_classification": {
            "macro_f1": 0.7640029182013914
        },
        "amazon_review_classification": {
            "macro_f1": 0.5165133824101508
        },
        "japanese_sentiment_classification": {
            "macro_f1": 0.8785996540635361
        },
        "massive_intent_classification": {
            "macro_f1": 0.7815141648175687
        },
        "massive_scenario_classification": {
            "macro_f1": 0.8643739735863134
        },
        "sib200_japanese_classification": {
            "macro_f1": 0.8179797886754027
        },
        "wrime_classification": {
            "macro_f1": 0.37929751450328747
        }
    },
    "Reranking": {
        "esci": {
            "ndcg@10": 0.9116742957456255
        },
        "jacwir_reranking": {
            "ndcg@10": 0.6540921936468603
        },
        "jqara": {
            "ndcg@10": 0.3839109493881204
        },
        "miracl_reranking": {
            "ndcg@10": 0.7018821974047713
        },
        "mldr_reranking": {
            "ndcg@10": 0.8442037101394532
        }
    },
    "Retrieval": {
        "jacwir_retrieval": {
            "ndcg@10": 0.4896173184748874
        },
        "jagovfaqs_22k": {
            "ndcg@10": 0.4843872248819622
        },
        "jaqket": {
            "ndcg@10": 0.3872950509227257
        },
        "mintaka_retrieval": {
            "ndcg@10": 0.25723625707011927
        },
        "miracl_retrieval": {
            "ndcg@10": 0.2159968215066114
        },
        "mldr_retrieval": {
            "ndcg@10": 0.18105368261359917
        },
        "mrtydi": {
            "ndcg@10": 0.11016096912346693
        },
        "nlp_journal_abs_article": {
            "ndcg@10": 0.5890880676571459
        },
        "nlp_journal_abs_intro": {
            "ndcg@10": 0.6005134171957127
        },
        "nlp_journal_title_abs": {
            "ndcg@10": 0.691482229451667
        },
        "nlp_journal_title_intro": {
            "ndcg@10": 0.377200379602747
        }
    },
    "STS": {
        "jsick": {
            "spearman": 0.7914302448138066
        },
        "jsts": {
            "spearman": 0.7677275529386515
        }
    },
    "Clustering": {
        "livedoor_news": {
            "v_measure_score": 0.4627193009988762
        },
        "mewsc16": {
            "v_measure_score": 0.4011353082522678
        },
        "sib200_japanese_clustering": {
            "v_measure_score": 0.2641681900458691
        }
    }
}