{
    "Classification": {
        "amazon_counterfactual_classification": {
            "macro_f1": 0.8009270010529765
        },
        "amazon_review_classification": {
            "macro_f1": 0.6071898527482484
        },
        "japanese_sentiment_classification": {
            "macro_f1": 0.9530657500380437
        },
        "massive_intent_classification": {
            "macro_f1": 0.8176293812793415
        },
        "massive_scenario_classification": {
            "macro_f1": 0.890051922198645
        },
        "sib200_japanese_classification": {
            "macro_f1": 0.8812655271153628
        },
        "wrime_classification": {
            "macro_f1": 0.4852854023445756
        }
    },
    "Reranking": {
        "esci": {
            "ndcg@10": 0.9342725351989479
        },
        "jacwir_reranking": {
            "ndcg@10": 0.8845859005757672
        },
        "jqara": {
            "ndcg@10": 0.6893206802955604
        },
        "miracl_reranking": {
            "ndcg@10": 0.8500853284469898
        },
        "mldr_reranking": {
            "ndcg@10": 0.9335769070370818
        }
    },
    "Retrieval": {
        "jacwir_retrieval": {
            "ndcg@10": 0.8406411130636801
        },
        "jagovfaqs_22k": {
            "ndcg@10": 0.7648595155366429
        },
        "jaqket": {
            "ndcg@10": 0.7186721885111346
        },
        "mintaka_retrieval": {
            "ndcg@10": 0.5225348075920366
        },
        "miracl_retrieval": {
            "ndcg@10": 0.677145342243983
        },
        "mldr_retrieval": {
            "ndcg@10": 0.43425275955863796
        },
        "mrtydi": {
            "ndcg@10": 0.47064490316120666
        },
        "nlp_journal_abs_article": {
            "ndcg@10": 0.9958682142366949
        },
        "nlp_journal_abs_intro": {
            "ndcg@10": 0.9935172926595653
        },
        "nlp_journal_title_abs": {
            "ndcg@10": 0.9790717306095701
        },
        "nlp_journal_title_intro": {
            "ndcg@10": 0.9658294271714906
        }
    },
    "STS": {
        "jsick": {
            "spearman": 0.7886332339318622
        },
        "jsts": {
            "spearman": 0.8430847366018317
        }
    },
    "Clustering": {
        "livedoor_news": {
            "v_measure_score": 0.5855988614657296
        },
        "mewsc16": {
            "v_measure_score": 0.4860478393120035
        },
        "sib200_japanese_clustering": {
            "v_measure_score": 0.4440626045366051
        }
    }
}