{
    "Classification": {
        "amazon_counterfactual_classification": {
            "macro_f1": 0.769471259324265
        },
        "amazon_review_classification": {
            "macro_f1": 0.5731364722878167
        },
        "japanese_sentiment_classification": {
            "macro_f1": 0.9370028816946131
        },
        "massive_intent_classification": {
            "macro_f1": 0.7944273224068328
        },
        "massive_scenario_classification": {
            "macro_f1": 0.8666146366533777
        },
        "sib200_japanese_classification": {
            "macro_f1": 0.830824836920651
        },
        "wrime_classification": {
            "macro_f1": 0.4246273528636701
        }
    },
    "Reranking": {
        "esci": {
            "ndcg@10": 0.9306370005084218
        },
        "jacwir_reranking": {
            "ndcg@10": 0.8773176317420583
        },
        "jqara": {
            "ndcg@10": 0.5423323266820943
        },
        "miracl_reranking": {
            "ndcg@10": 0.8136783428958002
        },
        "mldr_reranking": {
            "ndcg@10": 0.9143118384053095
        }
    },
    "Retrieval": {
        "jacwir_retrieval": {
            "ndcg@10": 0.8252953682122214
        },
        "jagovfaqs_22k": {
            "ndcg@10": 0.6707308981770447
        },
        "jaqket": {
            "ndcg@10": 0.5881606334663706
        },
        "mintaka_retrieval": {
            "ndcg@10": 0.3725079238817266
        },
        "miracl_retrieval": {
            "ndcg@10": 0.6045553019259284
        },
        "mldr_retrieval": {
            "ndcg@10": 0.4302656920833018
        },
        "mrtydi": {
            "ndcg@10": 0.36340437069179643
        },
        "nlp_journal_abs_article": {
            "ndcg@10": 0.9873944255742305
        },
        "nlp_journal_abs_intro": {
            "ndcg@10": 0.9910476290898161
        },
        "nlp_journal_title_abs": {
            "ndcg@10": 0.9701378788973463
        },
        "nlp_journal_title_intro": {
            "ndcg@10": 0.9557114964920647
        }
    },
    "STS": {
        "jsick": {
            "spearman": 0.8139132229187019
        },
        "jsts": {
            "spearman": 0.8354755140399428
        }
    },
    "Clustering": {
        "livedoor_news": {
            "v_measure_score": 0.5177166894166308
        },
        "mewsc16": {
            "v_measure_score": 0.47637207357792555
        },
        "sib200_japanese_clustering": {
            "v_measure_score": 0.49615138787046154
        }
    }
}