{
    "Classification": {
        "amazon_counterfactual_classification": {
            "macro_f1": 0.7767065011282246
        },
        "amazon_review_classification": {
            "macro_f1": 0.5348080733659045
        },
        "japanese_sentiment_classification": {
            "macro_f1": 0.8928165629175933
        },
        "massive_intent_classification": {
            "macro_f1": 0.7678594675802368
        },
        "massive_scenario_classification": {
            "macro_f1": 0.8624414954250645
        },
        "sib200_japanese_classification": {
            "macro_f1": 0.8376983111767246
        },
        "wrime_classification": {
            "macro_f1": 0.4088843388537483
        }
    },
    "Reranking": {
        "esci": {
            "ndcg@10": 0.9093431066849924
        },
        "jacwir_reranking": {
            "ndcg@10": 0.6144762455614383
        },
        "jqara": {
            "ndcg@10": 0.42466871751866847
        },
        "miracl_reranking": {
            "ndcg@10": 0.7065312090166875
        },
        "mldr_reranking": {
            "ndcg@10": 0.8742363417086798
        }
    },
    "Retrieval": {
        "jacwir_retrieval": {
            "ndcg@10": 0.4627911424268102
        },
        "jagovfaqs_22k": {
            "ndcg@10": 0.4824617060944974
        },
        "jaqket": {
            "ndcg@10": 0.4416882664197474
        },
        "mintaka_retrieval": {
            "ndcg@10": 0.28888654887615833
        },
        "miracl_retrieval": {
            "ndcg@10": 0.1951539369285861
        },
        "mldr_retrieval": {
            "ndcg@10": 0.18656064853165188
        },
        "mrtydi": {
            "ndcg@10": 0.11438786651077741
        },
        "nlp_journal_abs_article": {
            "ndcg@10": 0.439694854198857
        },
        "nlp_journal_abs_intro": {
            "ndcg@10": 0.40326645532241284
        },
        "nlp_journal_title_abs": {
            "ndcg@10": 0.6048895627840009
        },
        "nlp_journal_title_intro": {
            "ndcg@10": 0.36508949429446635
        }
    },
    "STS": {
        "jsick": {
            "spearman": 0.7876474308902304
        },
        "jsts": {
            "spearman": 0.7782114794698556
        }
    },
    "Clustering": {
        "livedoor_news": {
            "v_measure_score": 0.5129910499369752
        },
        "mewsc16": {
            "v_measure_score": 0.46267377071476495
        },
        "sib200_japanese_clustering": {
            "v_measure_score": 0.3603960521680572
        }
    }
}