{
    "Classification": {
        "amazon_counterfactual_classification": {
            "macro_f1": 0.7611650237172849
        },
        "amazon_review_classification": {
            "macro_f1": 0.549861481975171
        },
        "japanese_sentiment_classification": {
            "macro_f1": 0.8848798206702613
        },
        "massive_intent_classification": {
            "macro_f1": 0.7990770351345464
        },
        "massive_scenario_classification": {
            "macro_f1": 0.8845919006445211
        },
        "sib200_japanese_classification": {
            "macro_f1": 0.8192652378906621
        },
        "wrime_classification": {
            "macro_f1": 0.43330052756050963
        }
    },
    "Reranking": {
        "esci": {
            "ndcg@10": 0.9325293184096168
        },
        "jacwir_reranking": {
            "ndcg@10": 0.8897053320335471
        },
        "jqara": {
            "ndcg@10": 0.5579855090529839
        },
        "miracl_reranking": {
            "ndcg@10": 0.829097922134494
        },
        "mldr_reranking": {
            "ndcg@10": 0.9027822899776343
        }
    },
    "Retrieval": {
        "jacwir_retrieval": {
            "ndcg@10": 0.845871931566185
        },
        "jagovfaqs_22k": {
            "ndcg@10": 0.7327706812517897
        },
        "jaqket": {
            "ndcg@10": 0.6245485677803204
        },
        "mintaka_retrieval": {
            "ndcg@10": 0.36634397425023024
        },
        "miracl_retrieval": {
            "ndcg@10": 0.6328709452416804
        },
        "mldr_retrieval": {
            "ndcg@10": 0.33425316633620794
        },
        "mrtydi": {
            "ndcg@10": 0.40397422756563284
        },
        "nlp_journal_abs_article": {
            "ndcg@10": 0.9071829466288606
        },
        "nlp_journal_abs_intro": {
            "ndcg@10": 0.9072391448860384
        },
        "nlp_journal_title_abs": {
            "ndcg@10": 0.9720811194751509
        },
        "nlp_journal_title_intro": {
            "ndcg@10": 0.7981497485375166
        }
    },
    "STS": {
        "jsick": {
            "spearman": 0.8384902484828186
        },
        "jsts": {
            "spearman": 0.819890374123604
        }
    },
    "Clustering": {
        "livedoor_news": {
            "v_measure_score": 0.5451307587682099
        },
        "mewsc16": {
            "v_measure_score": 0.5142020123809118
        },
        "sib200_japanese_clustering": {
            "v_measure_score": 0.42027770009625315
        }
    }
}