{
    "Classification": {
        "amazon_counterfactual_classification": {
            "macro_f1": 0.7767065011282246
        },
        "amazon_review_classification": {
            "macro_f1": 0.5559888936165459
        },
        "japanese_sentiment_classification": {
            "macro_f1": 0.8863640825159859
        },
        "massive_intent_classification": {
            "macro_f1": 0.8199647165894474
        },
        "massive_scenario_classification": {
            "macro_f1": 0.8816435555944846
        },
        "sib200_japanese_classification": {
            "macro_f1": 0.8156946375922746
        },
        "wrime_classification": {
            "macro_f1": 0.452255956789983
        }
    },
    "Reranking": {
        "esci": {
            "ndcg@10": 0.9320364061675573
        },
        "jacwir_reranking": {
            "ndcg@10": 0.8818198634914105
        },
        "jqara": {
            "ndcg@10": 0.5670420631375501
        },
        "miracl_reranking": {
            "ndcg@10": 0.8332825788093644
        },
        "mldr_reranking": {
            "ndcg@10": 0.9009377977029078
        }
    },
    "Retrieval": {
        "jacwir_retrieval": {
            "ndcg@10": 0.8303842720270221
        },
        "jagovfaqs_22k": {
            "ndcg@10": 0.7401670430071696
        },
        "jaqket": {
            "ndcg@10": 0.6225429070303006
        },
        "mintaka_retrieval": {
            "ndcg@10": 0.3530718504041533
        },
        "miracl_retrieval": {
            "ndcg@10": 0.6689773236918534
        },
        "mldr_retrieval": {
            "ndcg@10": 0.32577528652704146
        },
        "mrtydi": {
            "ndcg@10": 0.42400768916861914
        },
        "nlp_journal_abs_article": {
            "ndcg@10": 0.9064650891678154
        },
        "nlp_journal_abs_intro": {
            "ndcg@10": 0.9041671364705328
        },
        "nlp_journal_title_abs": {
            "ndcg@10": 0.9729556994161748
        },
        "nlp_journal_title_intro": {
            "ndcg@10": 0.7821156819492701
        }
    },
    "STS": {
        "jsick": {
            "spearman": 0.8387675357095226
        },
        "jsts": {
            "spearman": 0.8193470885317312
        }
    },
    "Clustering": {
        "livedoor_news": {
            "v_measure_score": 0.5260577746749562
        },
        "mewsc16": {
            "v_measure_score": 0.4947076915300828
        },
        "sib200_japanese_clustering": {
            "v_measure_score": 0.47820319421479446
        }
    }
}