{
    "Classification": {
        "amazon_counterfactual_classification": {
            "macro_f1": 0.7514299930187799
        },
        "amazon_review_classification": {
            "macro_f1": 0.516712003417941
        },
        "japanese_sentiment_classification": {
            "macro_f1": 0.8714537157100772
        },
        "massive_intent_classification": {
            "macro_f1": 0.7433839585058197
        },
        "massive_scenario_classification": {
            "macro_f1": 0.8606582397219589
        },
        "sib200_japanese_classification": {
            "macro_f1": 0.8372998969612304
        },
        "wrime_classification": {
            "macro_f1": 0.4167776597670575
        }
    },
    "Reranking": {
        "esci": {
            "ndcg@10": 0.8971639400421929
        },
        "jacwir_reranking": {
            "ndcg@10": 0.3920595575511347
        },
        "jqara": {
            "ndcg@10": 0.18511169246774806
        },
        "miracl_reranking": {
            "ndcg@10": 0.6535500060613615
        },
        "mldr_reranking": {
            "ndcg@10": 0.768787823495723
        }
    },
    "Retrieval": {
        "jacwir_retrieval": {
            "ndcg@10": 0.21075313614845367
        },
        "jagovfaqs_22k": {
            "ndcg@10": 0.2248606553485316
        },
        "jaqket": {
            "ndcg@10": 0.06494577519372931
        },
        "mintaka_retrieval": {
            "ndcg@10": 0.22312923127278733
        },
        "miracl_retrieval": {
            "ndcg@10": 0.022833015048992402
        },
        "mldr_retrieval": {
            "ndcg@10": 0.06529330431356167
        },
        "mrtydi": {
            "ndcg@10": 0.027849411947159904
        },
        "nlp_journal_abs_article": {
            "ndcg@10": 0.24914118502751986
        },
        "nlp_journal_abs_intro": {
            "ndcg@10": 0.2554860092306942
        },
        "nlp_journal_title_abs": {
            "ndcg@10": 0.35835508156998896
        },
        "nlp_journal_title_intro": {
            "ndcg@10": 0.12133118349638791
        }
    },
    "STS": {
        "jsick": {
            "spearman": 0.7238085290735078
        },
        "jsts": {
            "spearman": 0.784483411606707
        }
    },
    "Clustering": {
        "livedoor_news": {
            "v_measure_score": 0.26615937330682315
        },
        "mewsc16": {
            "v_measure_score": 0.32048277963560623
        },
        "sib200_japanese_clustering": {
            "v_measure_score": 0.2434250739162938
        }
    }
}