{
    "Classification": {
        "amazon_counterfactual_classification": {
            "macro_f1": 0.7021400751808275
        },
        "amazon_review_classification": {
            "macro_f1": 0.5222844241125081
        },
        "japanese_sentiment_classification": {
            "macro_f1": 0.8728387064627037
        },
        "massive_intent_classification": {
            "macro_f1": 0.7958661089844552
        },
        "massive_scenario_classification": {
            "macro_f1": 0.869642477269303
        },
        "sib200_japanese_classification": {
            "macro_f1": 0.8400507949086808
        },
        "wrime_classification": {
            "macro_f1": 0.41243251223612126
        }
    },
    "Reranking": {
        "esci": {
            "ndcg@10": 0.9267798900027316
        },
        "jacwir_reranking": {
            "ndcg@10": 0.8682926176464301
        },
        "jqara": {
            "ndcg@10": 0.5792158527364997
        },
        "miracl_reranking": {
            "ndcg@10": 0.8038167802919151
        },
        "mldr_reranking": {
            "ndcg@10": 0.8844542290758788
        }
    },
    "Retrieval": {
        "jacwir_retrieval": {
            "ndcg@10": 0.8201757686450041
        },
        "jagovfaqs_22k": {
            "ndcg@10": 0.6626635388395311
        },
        "jaqket": {
            "ndcg@10": 0.6534322606981797
        },
        "mintaka_retrieval": {
            "ndcg@10": 0.3404237377925581
        },
        "miracl_retrieval": {
            "ndcg@10": 0.6019862449112752
        },
        "mldr_retrieval": {
            "ndcg@10": 0.3236631225997826
        },
        "mrtydi": {
            "ndcg@10": 0.36773428568023436
        },
        "nlp_journal_abs_article": {
            "ndcg@10": 0.9604317247356383
        },
        "nlp_journal_abs_intro": {
            "ndcg@10": 0.9541194598644321
        },
        "nlp_journal_title_abs": {
            "ndcg@10": 0.931681815900694
        },
        "nlp_journal_title_intro": {
            "ndcg@10": 0.821937205258955
        }
    },
    "STS": {
        "jsick": {
            "spearman": 0.8383423614590403
        },
        "jsts": {
            "spearman": 0.7894639448529204
        }
    },
    "Clustering": {
        "livedoor_news": {
            "v_measure_score": 0.5211879281362033
        },
        "mewsc16": {
            "v_measure_score": 0.4515710456360326
        },
        "sib200_japanese_clustering": {
            "v_measure_score": 0.4060764834036522
        }
    }
}