{
    "Classification": {
        "amazon_counterfactual_classification": {
            "macro_f1": 0.7966249319542733
        },
        "amazon_review_classification": {
            "macro_f1": 0.6204802870356217
        },
        "japanese_sentiment_classification": {
            "macro_f1": 0.9487448938934042
        },
        "massive_intent_classification": {
            "macro_f1": 0.8121127783146885
        },
        "massive_scenario_classification": {
            "macro_f1": 0.9015618520645106
        },
        "sib200_japanese_classification": {
            "macro_f1": 0.8262549610016919
        },
        "wrime_classification": {
            "macro_f1": 0.496952794347916
        }
    },
    "Reranking": {
        "esci": {
            "ndcg@10": 0.9359176437229035
        },
        "jacwir_reranking": {
            "ndcg@10": 0.8684667204236405
        },
        "jqara": {
            "ndcg@10": 0.6592446626934351
        },
        "miracl_reranking": {
            "ndcg@10": 0.851895889010368
        },
        "mldr_reranking": {
            "ndcg@10": 0.9024168764200886
        }
    },
    "Retrieval": {
        "jacwir_retrieval": {
            "ndcg@10": 0.8242898079860301
        },
        "jagovfaqs_22k": {
            "ndcg@10": 0.7172178719665633
        },
        "jaqket": {
            "ndcg@10": 0.6651645644179811
        },
        "mintaka_retrieval": {
            "ndcg@10": 0.6260117718497401
        },
        "miracl_retrieval": {
            "ndcg@10": 0.6324868715639211
        },
        "mldr_retrieval": {
            "ndcg@10": 0.3458953565848906
        },
        "mrtydi": {
            "ndcg@10": 0.4075091710258615
        },
        "nlp_journal_abs_article": {
            "ndcg@10": 0.9919931534803926
        },
        "nlp_journal_abs_intro": {
            "ndcg@10": 0.9916030162169888
        },
        "nlp_journal_title_abs": {
            "ndcg@10": 0.968506421217649
        },
        "nlp_journal_title_intro": {
            "ndcg@10": 0.9629377323425067
        }
    },
    "STS": {
        "jsick": {
            "spearman": 0.7979403746663343
        },
        "jsts": {
            "spearman": 0.8362521198880197
        }
    },
    "Clustering": {
        "livedoor_news": {
            "v_measure_score": 0.5580857807899353
        },
        "mewsc16": {
            "v_measure_score": 0.5068875864473731
        },
        "sib200_japanese_clustering": {
            "v_measure_score": 0.4418928761777483
        }
    }
}