{
    "Classification": {
        "amazon_counterfactual_classification": {
            "macro_f1": 0.8180877928218353
        },
        "amazon_review_classification": {
            "macro_f1": 0.5798379850008339
        },
        "japanese_sentiment_classification": {
            "macro_f1": 0.9339140455312027
        },
        "massive_intent_classification": {
            "macro_f1": 0.7891754112354649
        },
        "massive_scenario_classification": {
            "macro_f1": 0.8782518076402043
        },
        "sib200_japanese_classification": {
            "macro_f1": 0.7686616284901401
        },
        "wrime_classification": {
            "macro_f1": 0.4437562280187194
        }
    },
    "Reranking": {
        "esci": {
            "ndcg@10": 0.9320237969329785
        },
        "jacwir_reranking": {
            "ndcg@10": 0.8748197118530385
        },
        "jqara": {
            "ndcg@10": 0.6309432249818713
        },
        "miracl_reranking": {
            "ndcg@10": 0.8503057292439823
        },
        "mldr_reranking": {
            "ndcg@10": 0.9225778620264797
        }
    },
    "Retrieval": {
        "jacwir_retrieval": {
            "ndcg@10": 0.8275893500639571
        },
        "jagovfaqs_22k": {
            "ndcg@10": 0.7327144021448485
        },
        "jaqket": {
            "ndcg@10": 0.6768047159335538
        },
        "mintaka_retrieval": {
            "ndcg@10": 0.4626106409683068
        },
        "miracl_retrieval": {
            "ndcg@10": 0.6797764462851262
        },
        "mldr_retrieval": {
            "ndcg@10": 0.43554376517918675
        },
        "mrtydi": {
            "ndcg@10": 0.4499999994407917
        },
        "nlp_journal_abs_article": {
            "ndcg@10": 0.984966699117648
        },
        "nlp_journal_abs_intro": {
            "ndcg@10": 0.9868218521221748
        },
        "nlp_journal_title_abs": {
            "ndcg@10": 0.9706955197203543
        },
        "nlp_journal_title_intro": {
            "ndcg@10": 0.9573354583951488
        }
    },
    "STS": {
        "jsick": {
            "spearman": 0.7909930894957667
        },
        "jsts": {
            "spearman": 0.828242284804404
        }
    },
    "Clustering": {
        "livedoor_news": {
            "v_measure_score": 0.5492094636693866
        },
        "mewsc16": {
            "v_measure_score": 0.47739615416643866
        },
        "sib200_japanese_clustering": {
            "v_measure_score": 0.4719940146272088
        }
    }
}