{
    "Classification": {
        "amazon_counterfactual_classification": {
            "macro_f1": 0.839464253863242
        },
        "amazon_review_classification": {
            "macro_f1": 0.5867346375427882
        },
        "japanese_sentiment_classification": {
            "macro_f1": 0.9287677942969511
        },
        "massive_intent_classification": {
            "macro_f1": 0.8029325091139721
        },
        "massive_scenario_classification": {
            "macro_f1": 0.8839023046380705
        },
        "sib200_japanese_classification": {
            "macro_f1": 0.8508176285188196
        },
        "wrime_classification": {
            "macro_f1": 0.4463835330435438
        }
    },
    "Reranking": {
        "esci": {
            "ndcg@10": 0.9299824977990904
        },
        "jacwir_reranking": {
            "ndcg@10": 0.873071987063891
        },
        "jqara": {
            "ndcg@10": 0.593731491938313
        },
        "miracl_reranking": {
            "ndcg@10": 0.8344349130254451
        },
        "mldr_reranking": {
            "ndcg@10": 0.9170370537995594
        }
    },
    "Retrieval": {
        "jacwir_retrieval": {
            "ndcg@10": 0.8202516211370632
        },
        "jagovfaqs_22k": {
            "ndcg@10": 0.6921487094195347
        },
        "jaqket": {
            "ndcg@10": 0.6440699421545102
        },
        "mintaka_retrieval": {
            "ndcg@10": 0.3543567170253102
        },
        "miracl_retrieval": {
            "ndcg@10": 0.6220122340382372
        },
        "mldr_retrieval": {
            "ndcg@10": 0.40068516391584424
        },
        "mrtydi": {
            "ndcg@10": 0.39588453731195505
        },
        "nlp_journal_abs_article": {
            "ndcg@10": 0.9836285214025655
        },
        "nlp_journal_abs_intro": {
            "ndcg@10": 0.9828083469872675
        },
        "nlp_journal_title_abs": {
            "ndcg@10": 0.9588388160370713
        },
        "nlp_journal_title_intro": {
            "ndcg@10": 0.9482328904835228
        }
    },
    "STS": {
        "jsick": {
            "spearman": 0.7587272246407631
        },
        "jsts": {
            "spearman": 0.8382369671918801
        }
    },
    "Clustering": {
        "livedoor_news": {
            "v_measure_score": 0.5022981480581955
        },
        "mewsc16": {
            "v_measure_score": 0.5065688151274118
        },
        "sib200_japanese_clustering": {
            "v_measure_score": 0.35574349776021974
        }
    }
}