{
    "Classification": {
        "amazon_counterfactual_classification": {
            "macro_f1": 0.7080315613053877
        },
        "amazon_review_classification": {
            "macro_f1": 0.4779713813897666
        },
        "japanese_sentiment_classification": {
            "macro_f1": 0.8350239953633378
        },
        "massive_intent_classification": {
            "macro_f1": 0.7288673932703351
        },
        "massive_scenario_classification": {
            "macro_f1": 0.8370655127879382
        },
        "sib200_japanese_classification": {
            "macro_f1": 0.8262660922438109
        },
        "wrime_classification": {
            "macro_f1": 0.35057897749310646
        }
    },
    "Reranking": {
        "esci": {
            "ndcg@10": 0.8996866702578056
        },
        "jacwir_reranking": {
            "ndcg@10": 0.37147215136686634
        },
        "jqara": {
            "ndcg@10": 0.2220517076242275
        },
        "miracl_reranking": {
            "ndcg@10": 0.6502702968219343
        },
        "mldr_reranking": {
            "ndcg@10": 0.8255483571039144
        }
    },
    "Retrieval": {
        "jacwir_retrieval": {
            "ndcg@10": 0.19299542458035474
        },
        "jagovfaqs_22k": {
            "ndcg@10": 0.2174632786484408
        },
        "jaqket": {
            "ndcg@10": 0.13139887002144995
        },
        "mintaka_retrieval": {
            "ndcg@10": 0.19067862146114167
        },
        "miracl_retrieval": {
            "ndcg@10": 0.018598782450328283
        },
        "mldr_retrieval": {
            "ndcg@10": 0.06972936265190934
        },
        "mrtydi": {
            "ndcg@10": 0.004126228941345733
        },
        "nlp_journal_abs_article": {
            "ndcg@10": 0.29023294982669573
        },
        "nlp_journal_abs_intro": {
            "ndcg@10": 0.2580237968832312
        },
        "nlp_journal_title_abs": {
            "ndcg@10": 0.21071404885072903
        },
        "nlp_journal_title_intro": {
            "ndcg@10": 0.11573741610386916
        }
    },
    "STS": {
        "jsick": {
            "spearman": 0.6656074999372202
        },
        "jsts": {
            "spearman": 0.7425444938991701
        }
    },
    "Clustering": {
        "livedoor_news": {
            "v_measure_score": 0.4059869097583984
        },
        "mewsc16": {
            "v_measure_score": 0.46242491131769853
        },
        "sib200_japanese_clustering": {
            "v_measure_score": 0.3035702180528845
        }
    }
}