{
    "Classification": {
        "amazon_counterfactual_classification": {
            "macro_f1": 0.6969861236021963
        },
        "amazon_review_classification": {
            "macro_f1": 0.5763612743026115
        },
        "japanese_sentiment_classification": {
            "macro_f1": 0.9554866923455646
        },
        "massive_intent_classification": {
            "macro_f1": 0.7401244088033258
        },
        "massive_scenario_classification": {
            "macro_f1": 0.887053685338159
        },
        "sib200_japanese_classification": {
            "macro_f1": 0.7811476853348774
        },
        "wrime_classification": {
            "macro_f1": 0.42377599926222737
        }
    },
    "Reranking": {
        "esci": {
            "ndcg@10": 0.9330712866652149
        },
        "jacwir_reranking": {
            "ndcg@10": 0.9036816685131848
        },
        "jqara": {
            "ndcg@10": 0.561374764136422
        },
        "miracl_reranking": {
            "ndcg@10": 0.8631195198401651
        },
        "mldr_reranking": {
            "ndcg@10": 0.8891328806594833
        }
    },
    "Retrieval": {
        "jacwir_retrieval": {
            "ndcg@10": 0.864140836176277
        },
        "jagovfaqs_22k": {
            "ndcg@10": 0.7301329180248671
        },
        "jaqket": {
            "ndcg@10": 0.5967326588135612
        },
        "mintaka_retrieval": {
            "ndcg@10": 0.3958992445664435
        },
        "miracl_retrieval": {
            "ndcg@10": 0.7095604570396511
        },
        "mldr_retrieval": {
            "ndcg@10": 0.2984972238105224
        },
        "mrtydi": {
            "ndcg@10": 0.4781603349494696
        },
        "nlp_journal_abs_article": {
            "ndcg@10": 0.8326468852967057
        },
        "nlp_journal_abs_intro": {
            "ndcg@10": 0.8571088737195884
        },
        "nlp_journal_title_abs": {
            "ndcg@10": 0.952870249874937
        },
        "nlp_journal_title_intro": {
            "ndcg@10": 0.7257268520360993
        }
    },
    "STS": {
        "jsick": {
            "spearman": 0.7985423882395024
        },
        "jsts": {
            "spearman": 0.8186303902222064
        }
    },
    "Clustering": {
        "livedoor_news": {
            "v_measure_score": 0.5157643001398088
        },
        "mewsc16": {
            "v_measure_score": 0.46806674695304834
        },
        "sib200_japanese_clustering": {
            "v_measure_score": 0.5334765362912619
        }
    }
}