{
    "Classification": {
        "amazon_counterfactual_classification": {
            "macro_f1": 0.6428957534047911
        },
        "amazon_review_classification": {
            "macro_f1": 0.5417258327796466
        },
        "japanese_sentiment_classification": {
            "macro_f1": 0.9231910434886872
        },
        "massive_intent_classification": {
            "macro_f1": 0.7318717264077053
        },
        "massive_scenario_classification": {
            "macro_f1": 0.8677940980663801
        },
        "sib200_japanese_classification": {
            "macro_f1": 0.785022714268383
        },
        "wrime_classification": {
            "macro_f1": 0.3865061394465788
        }
    },
    "Reranking": {
        "esci": {
            "ndcg@10": 0.9290148108090969
        },
        "jacwir_reranking": {
            "ndcg@10": 0.8865491934939191
        },
        "jqara": {
            "ndcg@10": 0.4761308479065645
        },
        "miracl_reranking": {
            "ndcg@10": 0.8196779545649944
        },
        "mldr_reranking": {
            "ndcg@10": 0.8614612823139557
        }
    },
    "Retrieval": {
        "jacwir_retrieval": {
            "ndcg@10": 0.8431602298737804
        },
        "jagovfaqs_22k": {
            "ndcg@10": 0.687214041967885
        },
        "jaqket": {
            "ndcg@10": 0.5169392915456349
        },
        "mintaka_retrieval": {
            "ndcg@10": 0.34676383987252357
        },
        "miracl_retrieval": {
            "ndcg@10": 0.6449511893902589
        },
        "mldr_retrieval": {
            "ndcg@10": 0.2573147838464383
        },
        "mrtydi": {
            "ndcg@10": 0.42298287793585587
        },
        "nlp_journal_abs_article": {
            "ndcg@10": 0.8355946539433561
        },
        "nlp_journal_abs_intro": {
            "ndcg@10": 0.8447862631398672
        },
        "nlp_journal_title_abs": {
            "ndcg@10": 0.9461907998491789
        },
        "nlp_journal_title_intro": {
            "ndcg@10": 0.7469571396756213
        }
    },
    "STS": {
        "jsick": {
            "spearman": 0.8125544166626103
        },
        "jsts": {
            "spearman": 0.7965480195299134
        }
    },
    "Clustering": {
        "livedoor_news": {
            "v_measure_score": 0.5379041349111564
        },
        "mewsc16": {
            "v_measure_score": 0.4943772106331262
        },
        "sib200_japanese_clustering": {
            "v_measure_score": 0.4713134178805946
        }
    }
}