{
    "Classification": {
        "amazon_counterfactual_classification": {
            "macro_f1": 0.718621425743256
        },
        "amazon_review_classification": {
            "macro_f1": 0.5664555524508175
        },
        "japanese_sentiment_classification": {
            "macro_f1": 0.9441075327867781
        },
        "massive_intent_classification": {
            "macro_f1": 0.7868184551588373
        },
        "massive_scenario_classification": {
            "macro_f1": 0.8970320222457714
        },
        "sib200_japanese_classification": {
            "macro_f1": 0.8424907003170607
        },
        "wrime_classification": {
            "macro_f1": 0.4316630478439933
        }
    },
    "Reranking": {
        "esci": {
            "ndcg@10": 0.9327323748768209
        },
        "jacwir_reranking": {
            "ndcg@10": 0.8955144849023412
        },
        "jqara": {
            "ndcg@10": 0.5391637817603238
        },
        "miracl_reranking": {
            "ndcg@10": 0.8596271423829606
        },
        "mldr_reranking": {
            "ndcg@10": 0.9778261029468881
        }
    },
    "Retrieval": {
        "jacwir_retrieval": {
            "ndcg@10": 0.851348898788452
        },
        "jagovfaqs_22k": {
            "ndcg@10": 0.6906829361885021
        },
        "jaqket": {
            "ndcg@10": 0.5659460589444328
        },
        "mintaka_retrieval": {
            "ndcg@10": 0.32175483024897333
        },
        "miracl_retrieval": {
            "ndcg@10": 0.734809783755516
        },
        "mldr_retrieval": {
            "ndcg@10": 0.5126063501865914
        },
        "mrtydi": {
            "ndcg@10": 0.45179452203971654
        },
        "nlp_journal_abs_article": {
            "ndcg@10": 0.9521915103722084
        },
        "nlp_journal_abs_intro": {
            "ndcg@10": 0.9752948774973371
        },
        "nlp_journal_title_abs": {
            "ndcg@10": 0.9602075886902439
        },
        "nlp_journal_title_intro": {
            "ndcg@10": 0.9197525363243463
        }
    },
    "STS": {
        "jsick": {
            "spearman": 0.7926524802982091
        },
        "jsts": {
            "spearman": 0.8020865982595183
        }
    },
    "Clustering": {
        "livedoor_news": {
            "v_measure_score": 0.5475619174246511
        },
        "mewsc16": {
            "v_measure_score": 0.4200457612686986
        },
        "sib200_japanese_clustering": {
            "v_measure_score": 0.3991288954568376
        }
    }
}