{
    "Classification": {
        "amazon_counterfactual_classification": {
            "macro_f1": 0.7655145272700131
        },
        "amazon_review_classification": {
            "macro_f1": 0.5273281594091623
        },
        "japanese_sentiment_classification": {
            "macro_f1": 0.8821782850442395
        },
        "massive_intent_classification": {
            "macro_f1": 0.772169445045981
        },
        "massive_scenario_classification": {
            "macro_f1": 0.8625146467158739
        },
        "sib200_japanese_classification": {
            "macro_f1": 0.8145447793317748
        },
        "wrime_classification": {
            "macro_f1": 0.40382215327142257
        }
    },
    "Reranking": {
        "esci": {
            "ndcg@10": 0.9130235242422614
        },
        "jacwir_reranking": {
            "ndcg@10": 0.6513884390883999
        },
        "jqara": {
            "ndcg@10": 0.44959095699445484
        },
        "miracl_reranking": {
            "ndcg@10": 0.7121442551193732
        },
        "mldr_reranking": {
            "ndcg@10": 0.8679395106334268
        }
    },
    "Retrieval": {
        "jacwir_retrieval": {
            "ndcg@10": 0.5316167737103407
        },
        "jagovfaqs_22k": {
            "ndcg@10": 0.5120263378587457
        },
        "jaqket": {
            "ndcg@10": 0.45810454318653493
        },
        "mintaka_retrieval": {
            "ndcg@10": 0.30420713299186014
        },
        "miracl_retrieval": {
            "ndcg@10": 0.260782337674165
        },
        "mldr_retrieval": {
            "ndcg@10": 0.23652695166828322
        },
        "mrtydi": {
            "ndcg@10": 0.1306190778426387
        },
        "nlp_journal_abs_article": {
            "ndcg@10": 0.5464834936384055
        },
        "nlp_journal_abs_intro": {
            "ndcg@10": 0.5213267121181618
        },
        "nlp_journal_title_abs": {
            "ndcg@10": 0.7412764112062588
        },
        "nlp_journal_title_intro": {
            "ndcg@10": 0.4220927003134505
        }
    },
    "STS": {
        "jsick": {
            "spearman": 0.7985649981589037
        },
        "jsts": {
            "spearman": 0.7813825399856615
        }
    },
    "Clustering": {
        "livedoor_news": {
            "v_measure_score": 0.5159318544938132
        },
        "mewsc16": {
            "v_measure_score": 0.4267958807672512
        },
        "sib200_japanese_clustering": {
            "v_measure_score": 0.3178045302473092
        }
    }
}