{
    "Classification": {
        "amazon_counterfactual_classification": {
            "macro_f1": 0.7260568612881779
        },
        "amazon_review_classification": {
            "macro_f1": 0.5455832826466495
        },
        "japanese_sentiment_classification": {
            "macro_f1": 0.8942024454984163
        },
        "massive_intent_classification": {
            "macro_f1": 0.792273118014186
        },
        "massive_scenario_classification": {
            "macro_f1": 0.8770657195206764
        },
        "sib200_japanese_classification": {
            "macro_f1": 0.8042709569831964
        },
        "wrime_classification": {
            "macro_f1": 0.4525777476393026
        }
    },
    "Reranking": {
        "esci": {
            "ndcg@10": 0.9149640515619839
        },
        "jacwir_reranking": {
            "ndcg@10": 0.5614550878114778
        },
        "jqara": {
            "ndcg@10": 0.38302855218604437
        },
        "miracl_reranking": {
            "ndcg@10": 0.7126433285790728
        },
        "mldr_reranking": {
            "ndcg@10": 0.8659821811381412
        }
    },
    "Retrieval": {
        "jacwir_retrieval": {
            "ndcg@10": 0.4370774500135088
        },
        "jagovfaqs_22k": {
            "ndcg@10": 0.47421467281855384
        },
        "jaqket": {
            "ndcg@10": 0.4004385277719307
        },
        "mintaka_retrieval": {
            "ndcg@10": 0.376774984849213
        },
        "miracl_retrieval": {
            "ndcg@10": 0.18125969161337505
        },
        "mldr_retrieval": {
            "ndcg@10": 0.23480755788261093
        },
        "mrtydi": {
            "ndcg@10": 0.1188048690188868
        },
        "nlp_journal_abs_article": {
            "ndcg@10": 0.6407825080386719
        },
        "nlp_journal_abs_intro": {
            "ndcg@10": 0.6295135121177772
        },
        "nlp_journal_title_abs": {
            "ndcg@10": 0.36949537039923136
        },
        "nlp_journal_title_intro": {
            "ndcg@10": 0.2490316613470849
        }
    },
    "STS": {
        "jsick": {
            "spearman": 0.8377753687267541
        },
        "jsts": {
            "spearman": 0.8256006176068381
        }
    },
    "Clustering": {
        "livedoor_news": {
            "v_measure_score": 0.5337915256082275
        },
        "mewsc16": {
            "v_measure_score": 0.5111565926265328
        },
        "sib200_japanese_clustering": {
            "v_measure_score": 0.45736658859438273
        }
    }
}